[{"pk": 7, "model": "childcount.chw", "fields": {"clinic": null, "groups": []}}, {"pk": 9, "model": "childcount.chw", "fields": {"clinic": null, "groups": []}}, {"pk": 253, "model": "childcount.patient", "fields": {"status": 1, "chw": 9, "first_name": "Joseph", "last_name": "Oduor", "dob": "2007-04-17", "gender": "M", "household": 49, "mother": 49, "clinic": null, "mobile": null, "created_on": "2010-02-22 10:46:01", "location": 48, "estimated_dob": 0, "updated_on": "2010-02-22 10:46:01", "health_id": "d10022"}}, {"pk": 233, "model": "childcount.patient", "fields": {"status": 1, "chw": 9, "first_name": "Cellestine", "last_name": "Atieno", "dob": "2009-03-10", "gender": "F", "household": 27, "mother": 27, "clinic": null, "mobile": null, "created_on": "2010-02-22 10:46:00", "location": 48, "estimated_dob": 0, "updated_on": "2010-02-22 10:46:00", "health_id": "d10024"}}, {"pk": 255, "model": "childcount.patient", "fields": {"status": 1, "chw": 9, "first_name": "Brandon", "last_name": "Otieno", "dob": "2007-07-17", "gender": "M", "household": 51, "mother": 51, "clinic": null, "mobile": null, "created_on": "2010-02-22 10:46:02", "location": 48, "estimated_dob": 0, "updated_on": "2010-02-22 10:46:02", "health_id": "d10026"}}, {"pk": 337, "model": "childcount.patient", "fields": {"status": 1, "chw": 7, "first_name": "James", "last_name": "Ochieng", "dob": "2009-11-26", "gender": "M", "household": 163, "mother": 163, "clinic": null, "mobile": null, "created_on": "2010-02-22 10:46:07", "location": 69, "estimated_dob": 0, "updated_on": "2010-02-22 10:46:07", "health_id": "d10084"}}, {"pk": 211, "model": "childcount.patient", "fields": {"status": 1, "chw": 9, "first_name": "Nereah", "last_name": "Auma", "dob": "2008-12-27", "gender": "F", "household": 3, "mother": 3, "clinic": null, "mobile": null, "created_on": "2010-02-22 10:45:58", "location": 48, "estimated_dob": 0, "updated_on": "2010-02-22 10:45:58", "health_id": "d10150"}}, {"pk": 225, "model": "childcount.patient", "fields": {"status": 1, "chw": 9, "first_name": "Mitchelle", "last_name": "Akinyi", "dob": "2007-07-18", "gender": "F", "household": 19, "mother": 19, "clinic": null, "mobile": null, "created_on": "2010-02-22 10:46:00", "location": 48, "estimated_dob": 0, "updated_on": "2010-02-22 10:46:00", "health_id": "d10151"}}, {"pk": 303, "model": "childcount.patient", "fields": {"status": 1, "chw": 9, "first_name": "Vincent", "last_name": "Ochieng", "dob": "2009-11-25", "gender": "M", "household": 113, "mother": 113, "clinic": null, "mobile": null, "created_on": "2010-02-22 10:46:04", "location": 48, "estimated_dob": 0, "updated_on": "2010-02-22 10:46:04", "health_id": "d10340"}}, {"pk": 223, "model": "childcount.patient", "fields": {"status": 1, "chw": 9, "first_name": "Evans", "last_name": "Odhiambo", "dob": "2009-11-19", "gender": "M", "household": 17, "mother": 17, "clinic": null, "mobile": null, "created_on": "2010-02-22 10:46:00", "location": 48, "estimated_dob": 0, "updated_on": "2010-02-22 10:46:00", "health_id": "d10342"}}, {"pk": 325, "model": "childcount.patient", "fields": {"status": 1, "chw": 7, "first_name": "Kenedy", "last_name": "Okello", "dob": "2006-08-13", "gender": "M", "household": 141, "mother": 141, "clinic": null, "mobile": null, "created_on": "2010-02-22 10:46:06", "location": 69, "estimated_dob": 0, "updated_on": "2010-02-22 10:46:06", "health_id": "d10346"}}, {"pk": 209, "model": "childcount.patient", "fields": {"status": 1, "chw": 9, "first_name": "Everline", "last_name": "Atieno", "dob": "2006-06-10", "gender": "F", "household": 1, "mother": 1, "clinic": null, "mobile": null, "created_on": "2010-02-22 10:45:48", "location": 48, "estimated_dob": 0, "updated_on": "2010-02-22 10:45:48", "health_id": "d10479"}}, {"pk": 213, "model": "childcount.patient", "fields": {"status": 1, "chw": 9, "first_name": "Judith", "last_name": "Atieno", "dob": "2009-07-17", "gender": "M", "household": 5, "mother": 5, "clinic": null, "mobile": null, "created_on": "2010-02-22 10:45:58", "location": 48, "estimated_dob": 0, "updated_on": "2010-02-22 10:45:58", "health_id": "d10483"}}, {"pk": 221, "model": "childcount.patient", "fields": {"status": 1, "chw": 9, "first_name": "Kevin", "last_name": "Ouma", "dob": "2009-01-10", "gender": "M", "household": 13, "mother": 13, "clinic": null, "mobile": null, "created_on": "2010-02-22 10:46:00", "location": 48, "estimated_dob": 0, "updated_on": "2010-02-22 10:46:00", "health_id": "d10506"}}, {"pk": 247, "model": "childcount.patient", "fields": {"status": 1, "chw": 9, "first_name": "Penina", "last_name": "Owino", "dob": "2007-07-25", "gender": "F", "household": 43, "mother": 43, "clinic": null, "mobile": null, "created_on": "2010-02-22 10:46:01", "location": 48, "estimated_dob": 0, "updated_on": "2010-02-22 10:46:01", "health_id": "d2306"}}, {"pk": 257, "model": "childcount.patient", "fields": {"status": 1, "chw": 9, "first_name": "Linet", "last_name": "Akoth", "dob": "2008-03-27", "gender": "F", "household": 53, "mother": 53, "clinic": null, "mobile": null, "created_on": "2010-02-22 10:46:02", "location": 48, "estimated_dob": 0, "updated_on": "2010-02-22 10:46:02", "health_id": "d2307"}}, {"pk": 299, "model": "childcount.patient", "fields": {"status": 1, "chw": 9, "first_name": "Haron", "last_name": "Otieno", "dob": "2008-01-31", "gender": "M", "household": 109, "mother": 109, "clinic": null, "mobile": null, "created_on": "2010-02-22 10:46:04", "location": 48, "estimated_dob": 0, "updated_on": "2010-02-22 10:46:04", "health_id": "d2321"}}, {"pk": 267, "model": "childcount.patient", "fields": {"status": 1, "chw": 9, "first_name": "Joshua", "last_name": "Mtai", "dob": "2008-04-15", "gender": "M", "household": 65, "mother": 65, "clinic": null, "mobile": null, "created_on": "2010-02-22 10:46:02", "location": 48, "estimated_dob": 0, "updated_on": "2010-02-22 10:46:02", "health_id": "d2323"}}, {"pk": 243, "model": "childcount.patient", "fields": {"status": 1, "chw": 9, "first_name": "Ivon", "last_name": "Adhiambo", "dob": "2008-04-18", "gender": "F", "household": 39, "mother": 39, "clinic": null, "mobile": null, "created_on": "2010-02-22 10:46:01", "location": 48, "estimated_dob": 0, "updated_on": "2010-02-22 10:46:01", "health_id": "d2327"}}, {"pk": 309, "model": "childcount.patient", "fields": {"status": 1, "chw": 9, "first_name": "Phobian", "last_name": "Otieno", "dob": "2008-08-25", "gender": "M", "household": 123, "mother": 123, "clinic": null, "mobile": null, "created_on": "2010-02-22 10:46:05", "location": 48, "estimated_dob": 0, "updated_on": "2010-02-22 10:46:05", "health_id": "d2332"}}, {"pk": 291, "model": "childcount.patient", "fields": {"status": 1, "chw": 9, "first_name": "Maurine", "last_name": "Atieno", "dob": "2007-07-20", "gender": "F", "household": 99, "mother": 99, "clinic": null, "mobile": null, "created_on": "2010-02-22 10:46:04", "location": 48, "estimated_dob": 0, "updated_on": "2010-02-22 10:46:04", "health_id": "d2335"}}, {"pk": 283, "model": "childcount.patient", "fields": {"status": 1, "chw": 9, "first_name": "Irene", "last_name": "Akinyi", "dob": "2008-08-31", "gender": "F", "household": 83, "mother": 83, "clinic": null, "mobile": null, "created_on": "2010-02-22 10:46:03", "location": 48, "estimated_dob": 0, "updated_on": "2010-02-22 10:46:03", "health_id": "d2337"}}, {"pk": 287, "model": "childcount.patient", "fields": {"status": 1, "chw": 9, "first_name": "Francis", "last_name": "Opiyo", "dob": "2009-06-17", "gender": "M", "household": 87, "mother": 87, "clinic": null, "mobile": null, "created_on": "2010-02-22 10:46:03", "location": 48, "estimated_dob": 0, "updated_on": "2010-02-22 10:46:03", "health_id": "d2342"}}, {"pk": 345, "model": "childcount.patient", "fields": {"status": 1, "chw": 7, "first_name": "Jackline", "last_name": "Awino", "dob": "2008-03-16", "gender": "F", "household": 177, "mother": 177, "clinic": null, "mobile": null, "created_on": "2010-02-22 10:46:07", "location": 69, "estimated_dob": 0, "updated_on": "2010-02-22 10:46:07", "health_id": "d2349"}}, {"pk": 271, "model": "childcount.patient", "fields": {"status": 1, "chw": 9, "first_name": "Mitchelle", "last_name": "Atieno", "dob": "2008-11-20", "gender": "F", "household": 71, "mother": 71, "clinic": null, "mobile": null, "created_on": "2010-02-22 10:46:02", "location": 48, "estimated_dob": 0, "updated_on": "2010-02-22 10:46:02", "health_id": "d2359"}}, {"pk": 301, "model": "childcount.patient", "fields": {"status": 1, "chw": 9, "first_name": "Maurice", "last_name": "Ochieng", "dob": "2007-12-10", "gender": "M", "household": 111, "mother": 111, "clinic": null, "mobile": null, "created_on": "2010-02-22 10:46:04", "location": 48, "estimated_dob": 0, "updated_on": "2010-02-22 10:46:04", "health_id": "d2362"}}, {"pk": 335, "model": "childcount.patient", "fields": {"status": 1, "chw": 7, "first_name": "Evans", "last_name": "Odhiambo", "dob": "2006-01-21", "gender": "M", "household": 161, "mother": 161, "clinic": null, "mobile": null, "created_on": "2010-02-22 10:46:07", "location": 69, "estimated_dob": 0, "updated_on": "2010-02-22 10:46:07", "health_id": "d2370"}}, {"pk": 205, "model": "childcount.patient", "fields": {"status": 1, "chw": 7, "first_name": "Maxwel", "last_name": "Otieno", "dob": "2004-10-12", "gender": "M", "household": 157, "mother": null, "clinic": null, "mobile": null, "created_on": "2010-02-22 09:50:41", "location": 69, "estimated_dob": 0, "updated_on": "2010-02-22 09:50:41", "health_id": "d2373"}}, {"pk": 265, "model": "childcount.patient", "fields": {"status": 1, "chw": 9, "first_name": "Eunice", "last_name": "Auma", "dob": "2008-09-17", "gender": "F", "household": 63, "mother": 63, "clinic": null, "mobile": null, "created_on": "2010-02-22 10:46:02", "location": 48, "estimated_dob": 0, "updated_on": "2010-02-22 10:46:02", "health_id": "d2375"}}, {"pk": 261, "model": "childcount.patient", "fields": {"status": 1, "chw": 9, "first_name": "Ephy", "last_name": "Achieng", "dob": "2009-01-22", "gender": "F", "household": 57, "mother": 57, "clinic": null, "mobile": null, "created_on": "2010-02-22 10:46:02", "location": 48, "estimated_dob": 0, "updated_on": "2010-02-22 10:46:02", "health_id": "d2382"}}, {"pk": 315, "model": "childcount.patient", "fields": {"status": 1, "chw": 9, "first_name": "Ambrose", "last_name": "Onyango", "dob": "2008-04-22", "gender": "M", "household": 129, "mother": 129, "clinic": null, "mobile": null, "created_on": "2010-02-22 10:46:05", "location": 48, "estimated_dob": 0, "updated_on": "2010-02-22 10:46:05", "health_id": "d2388"}}, {"pk": 353, "model": "childcount.patient", "fields": {"status": 1, "chw": 7, "first_name": "Nicholas", "last_name": "Ochieng", "dob": "2006-06-13", "gender": "M", "household": 187, "mother": 187, "clinic": null, "mobile": null, "created_on": "2010-02-22 10:46:08", "location": 69, "estimated_dob": 0, "updated_on": "2010-02-22 10:46:08", "health_id": "d2390"}}, {"pk": 227, "model": "childcount.patient", "fields": {"status": 1, "chw": 9, "first_name": "Oudo", "last_name": "Jafeth", "dob": "2008-11-19", "gender": "M", "household": 21, "mother": 21, "clinic": null, "mobile": null, "created_on": "2010-02-22 10:46:00", "location": 48, "estimated_dob": 0, "updated_on": "2010-02-22 10:46:00", "health_id": "d2392"}}, {"pk": 331, "model": "childcount.patient", "fields": {"status": 1, "chw": 7, "first_name": "Byron", "last_name": "Onyango", "dob": "2008-08-28", "gender": "M", "household": 151, "mother": 151, "clinic": null, "mobile": null, "created_on": "2010-02-22 10:46:06", "location": 69, "estimated_dob": 0, "updated_on": "2010-02-22 10:46:06", "health_id": "d2396"}}, {"pk": 329, "model": "childcount.patient", "fields": {"status": 1, "chw": 7, "first_name": "Kevin", "last_name": "Odhiambo", "dob": "2006-09-17", "gender": "M", "household": 149, "mother": 149, "clinic": null, "mobile": null, "created_on": "2010-02-22 10:46:06", "location": 69, "estimated_dob": 0, "updated_on": "2010-02-22 10:46:06", "health_id": "d2399"}}, {"pk": 235, "model": "childcount.patient", "fields": {"status": 1, "chw": 9, "first_name": "Sam", "last_name": "Oyoo", "dob": "2009-01-31", "gender": "M", "household": 29, "mother": 29, "clinic": null, "mobile": null, "created_on": "2010-02-22 10:46:00", "location": 48, "estimated_dob": 0, "updated_on": "2010-02-22 10:46:00", "health_id": "d2405"}}, {"pk": 203, "model": "childcount.patient", "fields": {"status": 1, "chw": 7, "first_name": "Nancy", "last_name": "Awino", "dob": "2005-02-20", "gender": "F", "household": 153, "mother": null, "clinic": null, "mobile": null, "created_on": "2010-02-22 09:50:41", "location": 69, "estimated_dob": 0, "updated_on": "2010-02-22 09:50:41", "health_id": "d2406"}}, {"pk": 349, "model": "childcount.patient", "fields": {"status": 1, "chw": 7, "first_name": "Violet", "last_name": "Adhiambo", "dob": "2008-04-10", "gender": "F", "household": 183, "mother": 183, "clinic": null, "mobile": null, "created_on": "2010-02-22 10:46:07", "location": 69, "estimated_dob": 0, "updated_on": "2010-02-22 10:46:07", "health_id": "d2408"}}, {"pk": 241, "model": "childcount.patient", "fields": {"status": 1, "chw": 9, "first_name": "Emmanuel", "last_name": "Omondi", "dob": "2009-03-14", "gender": "M", "household": 37, "mother": 37, "clinic": null, "mobile": null, "created_on": "2010-02-22 10:46:01", "location": 48, "estimated_dob": 0, "updated_on": "2010-02-22 10:46:01", "health_id": "d2412"}}, {"pk": 339, "model": "childcount.patient", "fields": {"status": 1, "chw": 7, "first_name": "Samwel", "last_name": "Ochieng", "dob": "2006-08-28", "gender": "M", "household": 167, "mother": 167, "clinic": null, "mobile": null, "created_on": "2010-02-22 10:46:07", "location": 69, "estimated_dob": 0, "updated_on": "2010-02-22 10:46:07", "health_id": "d2415"}}, {"pk": 327, "model": "childcount.patient", "fields": {"status": 1, "chw": 7, "first_name": "Fredrick", "last_name": "Omondi", "dob": "2006-10-20", "gender": "M", "household": 145, "mother": 145, "clinic": null, "mobile": null, "created_on": "2010-02-22 10:46:06", "location": 69, "estimated_dob": 0, "updated_on": "2010-02-22 10:46:06", "health_id": "d2417"}}, {"pk": 237, "model": "childcount.patient", "fields": {"status": 1, "chw": 9, "first_name": "Peter", "last_name": "Omondi", "dob": "2009-06-19", "gender": "M", "household": 31, "mother": 31, "clinic": null, "mobile": null, "created_on": "2010-02-22 10:46:00", "location": 48, "estimated_dob": 0, "updated_on": "2010-02-22 10:46:00", "health_id": "d2531"}}, {"pk": 263, "model": "childcount.patient", "fields": {"status": 1, "chw": 9, "first_name": "Magrate", "last_name": "Akinyi", "dob": "2006-03-22", "gender": "F", "household": 59, "mother": 59, "clinic": null, "mobile": null, "created_on": "2010-02-22 10:46:02", "location": 48, "estimated_dob": 0, "updated_on": "2010-02-22 10:46:02", "health_id": "d2533"}}, {"pk": 259, "model": "childcount.patient", "fields": {"status": 1, "chw": 9, "first_name": "Bridget", "last_name": "Atieno", "dob": "2007-10-23", "gender": "F", "household": 55, "mother": 55, "clinic": null, "mobile": null, "created_on": "2010-02-22 10:46:02", "location": 48, "estimated_dob": 0, "updated_on": "2010-02-22 10:46:02", "health_id": "d2534"}}, {"pk": 297, "model": "childcount.patient", "fields": {"status": 1, "chw": 9, "first_name": "Lilian", "last_name": "Auma", "dob": "2009-04-17", "gender": "F", "household": 107, "mother": 107, "clinic": null, "mobile": null, "created_on": "2010-02-22 10:46:04", "location": 48, "estimated_dob": 0, "updated_on": "2010-02-22 10:46:04", "health_id": "d2535"}}, {"pk": 281, "model": "childcount.patient", "fields": {"status": 1, "chw": 9, "first_name": "Abraham", "last_name": "Ochieng", "dob": "2006-09-11", "gender": "M", "household": 81, "mother": 81, "clinic": null, "mobile": null, "created_on": "2010-02-22 10:46:03", "location": 48, "estimated_dob": 0, "updated_on": "2010-02-22 10:46:03", "health_id": "d2537"}}, {"pk": 355, "model": "childcount.patient", "fields": {"status": 1, "chw": 7, "first_name": "Duncan", "last_name": "Ouko", "dob": "2008-05-20", "gender": "M", "household": 189, "mother": 189, "clinic": null, "mobile": null, "created_on": "2010-02-22 10:46:08", "location": 69, "estimated_dob": 0, "updated_on": "2010-02-22 10:46:08", "health_id": "d2546"}}, {"pk": 289, "model": "childcount.patient", "fields": {"status": 1, "chw": 9, "first_name": "Faithjulie", "last_name": "Adhiambo", "dob": "2007-09-23", "gender": "F", "household": 91, "mother": 91, "clinic": null, "mobile": null, "created_on": "2010-02-22 10:46:03", "location": 48, "estimated_dob": 0, "updated_on": "2010-02-22 10:46:03", "health_id": "d2557"}}, {"pk": 323, "model": "childcount.patient", "fields": {"status": 1, "chw": 7, "first_name": "Movine", "last_name": "Aoko", "dob": "2006-06-28", "gender": "F", "household": 139, "mother": 139, "clinic": null, "mobile": null, "created_on": "2010-02-22 10:46:06", "location": 69, "estimated_dob": 0, "updated_on": "2010-02-22 10:46:06", "health_id": "d2558"}}, {"pk": 231, "model": "childcount.patient", "fields": {"status": 1, "chw": 9, "first_name": "Mary", "last_name": "Akinyi", "dob": "2008-09-10", "gender": "F", "household": 25, "mother": 25, "clinic": null, "mobile": null, "created_on": "2010-02-22 10:46:00", "location": 48, "estimated_dob": 0, "updated_on": "2010-02-22 10:46:00", "health_id": "d2560"}}, {"pk": 295, "model": "childcount.patient", "fields": {"status": 1, "chw": 9, "first_name": "Rolex", "last_name": "Adhiambo", "dob": "2006-10-25", "gender": "F", "household": 103, "mother": 103, "clinic": null, "mobile": null, "created_on": "2010-02-22 10:46:04", "location": 48, "estimated_dob": 0, "updated_on": "2010-02-22 10:46:04", "health_id": "d2562"}}, {"pk": 201, "model": "childcount.patient", "fields": {"status": 1, "chw": 9, "first_name": "Rolex", "last_name": "Ochieng", "dob": "2005-01-31", "gender": "M", "household": 89, "mother": null, "clinic": null, "mobile": null, "created_on": "2010-02-22 09:50:39", "location": 48, "estimated_dob": 0, "updated_on": "2010-02-22 09:50:39", "health_id": "d2566"}}, {"pk": 357, "model": "childcount.patient", "fields": {"status": 1, "chw": 7, "first_name": "Beryl", "last_name": "Akinyi", "dob": "2009-05-20", "gender": "F", "household": 191, "mother": 191, "clinic": null, "mobile": null, "created_on": "2010-02-22 10:46:08", "location": 69, "estimated_dob": 0, "updated_on": "2010-02-22 10:46:08", "health_id": "d2569"}}, {"pk": 321, "model": "childcount.patient", "fields": {"status": 1, "chw": 9, "first_name": "Emmaculate", "last_name": "Adhiambo", "dob": "2008-04-18", "gender": "F", "household": 137, "mother": 137, "clinic": null, "mobile": null, "created_on": "2010-02-22 10:46:05", "location": 48, "estimated_dob": 0, "updated_on": "2010-02-22 10:46:05", "health_id": "d2570"}}, {"pk": 245, "model": "childcount.patient", "fields": {"status": 1, "chw": 9, "first_name": "Caroline", "last_name": "Akinyi", "dob": "2007-04-10", "gender": "F", "household": 41, "mother": 41, "clinic": null, "mobile": null, "created_on": "2010-02-22 10:46:01", "location": 48, "estimated_dob": 0, "updated_on": "2010-02-22 10:46:01", "health_id": "d2576"}}, {"pk": 361, "model": "childcount.patient", "fields": {"status": 1, "chw": 7, "first_name": "Victor", "last_name": "Otieno", "dob": "2007-03-31", "gender": "M", "household": 195, "mother": 195, "clinic": null, "mobile": null, "created_on": "2010-02-22 10:46:08", "location": 69, "estimated_dob": 0, "updated_on": "2010-02-22 10:46:08", "health_id": "d2578"}}, {"pk": 311, "model": "childcount.patient", "fields": {"status": 1, "chw": 9, "first_name": "Silas", "last_name": "Otieno", "dob": "2006-04-13", "gender": "M", "household": 125, "mother": 125, "clinic": null, "mobile": null, "created_on": "2010-02-22 10:46:05", "location": 48, "estimated_dob": 0, "updated_on": "2010-02-22 10:46:05", "health_id": "d2585"}}, {"pk": 217, "model": "childcount.patient", "fields": {"status": 1, "chw": 9, "first_name": "Violet", "last_name": "Achieng", "dob": "2005-10-19", "gender": "F", "household": 9, "mother": 9, "clinic": null, "mobile": null, "created_on": "2010-02-22 10:45:59", "location": 48, "estimated_dob": 0, "updated_on": "2010-02-22 10:45:59", "health_id": "d2589"}}, {"pk": 273, "model": "childcount.patient", "fields": {"status": 1, "chw": 9, "first_name": "Sharon", "last_name": "Atieno", "dob": "2006-01-30", "gender": "F", "household": 73, "mother": 73, "clinic": null, "mobile": null, "created_on": "2010-02-22 10:46:03", "location": 48, "estimated_dob": 0, "updated_on": "2010-02-22 10:46:03", "health_id": "d2625"}}, {"pk": 251, "model": "childcount.patient", "fields": {"status": 1, "chw": 9, "first_name": "Alphones", "last_name": "Oduor", "dob": "2005-08-28", "gender": "M", "household": 47, "mother": 47, "clinic": null, "mobile": null, "created_on": "2010-02-22 10:46:01", "location": 48, "estimated_dob": 0, "updated_on": "2010-02-22 10:46:01", "health_id": "d2676"}}, {"pk": 305, "model": "childcount.patient", "fields": {"status": 1, "chw": 9, "first_name": "Desy", "last_name": "Akinyi", "dob": "2007-04-10", "gender": "F", "household": 119, "mother": 119, "clinic": null, "mobile": null, "created_on": "2010-02-22 10:46:05", "location": 48, "estimated_dob": 0, "updated_on": "2010-02-22 10:46:05", "health_id": "d2683"}}, {"pk": 229, "model": "childcount.patient", "fields": {"status": 1, "chw": 9, "first_name": "Sheril", "last_name": "Atieno", "dob": "2005-09-10", "gender": "F", "household": 23, "mother": 23, "clinic": null, "mobile": null, "created_on": "2010-02-22 10:46:00", "location": 48, "estimated_dob": 0, "updated_on": "2010-02-22 10:46:00", "health_id": "d2686"}}, {"pk": 275, "model": "childcount.patient", "fields": {"status": 1, "chw": 9, "first_name": "Moses", "last_name": "Ochieng", "dob": "2008-12-13", "gender": "M", "household": 75, "mother": 75, "clinic": null, "mobile": null, "created_on": "2010-02-22 10:46:03", "location": 48, "estimated_dob": 0, "updated_on": "2010-02-22 10:46:03", "health_id": "d2692"}}, {"pk": 277, "model": "childcount.patient", "fields": {"status": 1, "chw": 9, "first_name": "Millicent", "last_name": "Olima", "dob": "2005-10-10", "gender": "F", "household": 77, "mother": 77, "clinic": null, "mobile": null, "created_on": "2010-02-22 10:46:03", "location": 48, "estimated_dob": 0, "updated_on": "2010-02-22 10:46:03", "health_id": "d2706"}}, {"pk": 285, "model": "childcount.patient", "fields": {"status": 1, "chw": 9, "first_name": "Williamhope", "last_name": "Onyango", "dob": "2006-11-16", "gender": "M", "household": 85, "mother": 85, "clinic": null, "mobile": null, "created_on": "2010-02-22 10:46:03", "location": 48, "estimated_dob": 0, "updated_on": "2010-02-22 10:46:03", "health_id": "d2711"}}, {"pk": 269, "model": "childcount.patient", "fields": {"status": 1, "chw": 9, "first_name": "Loice", "last_name": "Anyango", "dob": "2005-10-20", "gender": "F", "household": 69, "mother": 69, "clinic": null, "mobile": null, "created_on": "2010-02-22 10:46:02", "location": 48, "estimated_dob": 0, "updated_on": "2010-02-22 10:46:02", "health_id": "d2716"}}, {"pk": 319, "model": "childcount.patient", "fields": {"status": 1, "chw": 9, "first_name": "Polar", "last_name": "Akoth", "dob": "2006-03-24", "gender": "F", "household": 133, "mother": 133, "clinic": null, "mobile": null, "created_on": "2010-02-22 10:46:05", "location": 48, "estimated_dob": 0, "updated_on": "2010-02-22 10:46:05", "health_id": "d2808"}}, {"pk": 343, "model": "childcount.patient", "fields": {"status": 1, "chw": 7, "first_name": "Vincent", "last_name": "Ouma", "dob": "2005-12-23", "gender": "M", "household": 173, "mother": 173, "clinic": null, "mobile": null, "created_on": "2010-02-22 10:46:07", "location": 69, "estimated_dob": 0, "updated_on": "2010-02-22 10:46:07", "health_id": "d2842"}}, {"pk": 351, "model": "childcount.patient", "fields": {"status": 1, "chw": 7, "first_name": "Anne", "last_name": "Achieng", "dob": "2005-09-24", "gender": "F", "household": 185, "mother": 185, "clinic": null, "mobile": null, "created_on": "2010-02-22 10:46:07", "location": 69, "estimated_dob": 0, "updated_on": "2010-02-22 10:46:07", "health_id": "d2860"}}, {"pk": 333, "model": "childcount.patient", "fields": {"status": 1, "chw": 7, "first_name": "Kelly", "last_name": "Odhiambo", "dob": "2008-10-27", "gender": "M", "household": 155, "mother": 155, "clinic": null, "mobile": null, "created_on": "2010-02-22 10:46:06", "location": 69, "estimated_dob": 0, "updated_on": "2010-02-22 10:46:06", "health_id": "d2863"}}, {"pk": 347, "model": "childcount.patient", "fields": {"status": 1, "chw": 7, "first_name": "Francisca", "last_name": "Nyangendo", "dob": "2009-04-20", "gender": "F", "household": 179, "mother": 179, "clinic": null, "mobile": null, "created_on": "2010-02-22 10:46:07", "location": 69, "estimated_dob": 0, "updated_on": "2010-02-22 10:46:07", "health_id": "d2868"}}, {"pk": 207, "model": "childcount.patient", "fields": {"status": 1, "chw": 7, "first_name": "Rosemary", "last_name": "Akinyi", "dob": "2004-10-19", "gender": "F", "household": 159, "mother": null, "clinic": null, "mobile": null, "created_on": "2010-02-22 09:50:41", "location": 69, "estimated_dob": 0, "updated_on": "2010-02-22 09:50:41", "health_id": "d2871"}}, {"pk": 249, "model": "childcount.patient", "fields": {"status": 1, "chw": 9, "first_name": "Evans", "last_name": "Ottieno", "dob": "2008-05-29", "gender": "M", "household": 45, "mother": 45, "clinic": null, "mobile": null, "created_on": "2010-02-22 10:46:01", "location": 48, "estimated_dob": 0, "updated_on": "2010-02-22 10:46:01", "health_id": "d3810"}}, {"pk": 359, "model": "childcount.patient", "fields": {"status": 1, "chw": 7, "first_name": "Eddina", "last_name": "Atieno", "dob": "2006-06-15", "gender": "F", "household": 193, "mother": 193, "clinic": null, "mobile": null, "created_on": "2010-02-22 10:46:08", "location": 69, "estimated_dob": 0, "updated_on": "2010-02-22 10:46:08", "health_id": "d5157"}}, {"pk": 341, "model": "childcount.patient", "fields": {"status": 1, "chw": 7, "first_name": "Emilly", "last_name": "Adhiambo", "dob": "2007-08-10", "gender": "F", "household": 171, "mother": 171, "clinic": null, "mobile": null, "created_on": "2010-02-22 10:46:07", "location": 69, "estimated_dob": 0, "updated_on": "2010-02-22 10:46:07", "health_id": "d6090"}}, {"pk": 313, "model": "childcount.patient", "fields": {"status": 1, "chw": 9, "first_name": "John", "last_name": "Ochieng", "dob": "2008-03-22", "gender": "M", "household": 127, "mother": 127, "clinic": null, "mobile": null, "created_on": "2010-02-22 10:46:05", "location": 48, "estimated_dob": 0, "updated_on": "2010-02-22 10:46:05", "health_id": "d6702"}}, {"pk": 317, "model": "childcount.patient", "fields": {"status": 1, "chw": 9, "first_name": "Maureen", "last_name": "Akinyi", "dob": "2005-10-27", "gender": "F", "household": 131, "mother": 131, "clinic": null, "mobile": null, "created_on": "2010-02-22 10:46:05", "location": 48, "estimated_dob": 0, "updated_on": "2010-02-22 10:46:05", "health_id": "d6710"}}, {"pk": 215, "model": "childcount.patient", "fields": {"status": 1, "chw": 9, "first_name": "Fidelcastro", "last_name": "Otieno", "dob": "2005-10-25", "gender": "M", "household": 7, "mother": 7, "clinic": null, "mobile": null, "created_on": "2010-02-22 10:45:59", "location": 48, "estimated_dob": 0, "updated_on": "2010-02-22 10:45:59", "health_id": "d6711"}}, {"pk": 219, "model": "childcount.patient", "fields": {"status": 1, "chw": 9, "first_name": "Ester", "last_name": "Aluoch", "dob": "2008-03-24", "gender": "F", "household": 11, "mother": 11, "clinic": null, "mobile": null, "created_on": "2010-02-22 10:45:59", "location": 48, "estimated_dob": 0, "updated_on": "2010-02-22 10:45:59", "health_id": "d8448"}}, {"pk": 239, "model": "childcount.patient", "fields": {"status": 1, "chw": 9, "first_name": "Lawrence", "last_name": "Owino", "dob": "2008-01-13", "gender": "M", "household": 35, "mother": 35, "clinic": null, "mobile": null, "created_on": "2010-02-22 10:46:01", "location": 48, "estimated_dob": 0, "updated_on": "2010-02-22 10:46:01", "health_id": "d8449"}}, {"pk": 279, "model": "childcount.patient", "fields": {"status": 1, "chw": 9, "first_name": "Peter", "last_name": "Onyango", "dob": "2007-12-17", "gender": "M", "household": 79, "mother": 79, "clinic": null, "mobile": null, "created_on": "2010-02-22 10:46:03", "location": 48, "estimated_dob": 0, "updated_on": "2010-02-22 10:46:03", "health_id": "d8455"}}, {"pk": 307, "model": "childcount.patient", "fields": {"status": 1, "chw": 9, "first_name": "Denis", "last_name": "Odhiambo", "dob": "2005-06-16", "gender": "M", "household": 121, "mother": 121, "clinic": null, "mobile": null, "created_on": "2010-02-22 10:46:05", "location": 48, "estimated_dob": 0, "updated_on": "2010-02-22 10:46:05", "health_id": "d8461"}}, {"pk": 293, "model": "childcount.patient", "fields": {"status": 1, "chw": 9, "first_name": "Winnie", "last_name": "Adhiambo", "dob": "2005-09-10", "gender": "F", "household": 101, "mother": 101, "clinic": null, "mobile": null, "created_on": "2010-02-22 10:46:04", "location": 48, "estimated_dob": 0, "updated_on": "2010-02-22 10:46:04", "health_id": "d9640"}}, {"pk": 49, "model": "childcount.patient", "fields": {"status": 1, "chw": 9, "first_name": "Eunice", "last_name": "Akinyi", "dob": "1976-08-24", "gender": "M", "household": 49, "mother": null, "clinic": null, "mobile": null, "created_on": "2010-02-22 09:45:37", "location": 48, "estimated_dob": 1, "updated_on": "2010-02-22 09:45:37", "health_id": "g10022"}}, {"pk": 27, "model": "childcount.patient", "fields": {"status": 1, "chw": 9, "first_name": "Christabel", "last_name": "Wasonga", "dob": "1974-08-24", "gender": "F", "household": 27, "mother": null, "clinic": null, "mobile": null, "created_on": "2010-02-22 09:45:35", "location": 48, "estimated_dob": 1, "updated_on": "2010-02-22 09:45:35", "health_id": "g10024"}}, {"pk": 51, "model": "childcount.patient", "fields": {"status": 1, "chw": 9, "first_name": "Eunice", "last_name": "Awino", "dob": "1979-08-25", "gender": "M", "household": 51, "mother": null, "clinic": null, "mobile": null, "created_on": "2010-02-22 09:45:37", "location": 48, "estimated_dob": 1, "updated_on": "2010-02-22 09:45:37", "health_id": "g10026"}}, {"pk": 163, "model": "childcount.patient", "fields": {"status": 1, "chw": 7, "first_name": "Caroline", "last_name": "", "dob": "1977-08-24", "gender": "M", "household": 163, "mother": null, "clinic": null, "mobile": null, "created_on": "2010-02-22 09:45:43", "location": 69, "estimated_dob": 1, "updated_on": "2010-02-22 09:45:43", "health_id": "g10084"}}, {"pk": 3, "model": "childcount.patient", "fields": {"status": 1, "chw": 9, "first_name": "Achieng", "last_name": "Rose", "dob": "1982-08-24", "gender": "F", "household": 3, "mother": null, "clinic": null, "mobile": null, "created_on": "2010-02-22 09:45:34", "location": 48, "estimated_dob": 1, "updated_on": "2010-02-22 09:45:34", "health_id": "g10150"}}, {"pk": 19, "model": "childcount.patient", "fields": {"status": 1, "chw": 9, "first_name": "Awuor", "last_name": "", "dob": "1979-08-25", "gender": "F", "household": 19, "mother": null, "clinic": null, "mobile": null, "created_on": "2010-02-22 09:45:35", "location": 48, "estimated_dob": 1, "updated_on": "2010-02-22 09:45:35", "health_id": "g10151"}}, {"pk": 113, "model": "childcount.patient", "fields": {"status": 1, "chw": 9, "first_name": "Onyango", "last_name": "Jane", "dob": "1981-08-24", "gender": "M", "household": 113, "mother": null, "clinic": null, "mobile": null, "created_on": "2010-02-22 09:45:40", "location": 48, "estimated_dob": 1, "updated_on": "2010-02-22 09:45:40", "health_id": "g10340"}}, {"pk": 15, "model": "childcount.patient", "fields": {"status": 1, "chw": 9, "first_name": "Atieno", "last_name": "Norah", "dob": "1975-08-25", "gender": "F", "household": 15, "mother": null, "clinic": null, "mobile": null, "created_on": "2010-02-22 09:45:35", "location": 48, "estimated_dob": 1, "updated_on": "2010-02-22 09:45:35", "health_id": "g10341"}}, {"pk": 17, "model": "childcount.patient", "fields": {"status": 1, "chw": 9, "first_name": "Auma", "last_name": "Alice", "dob": "1977-08-24", "gender": "M", "household": 17, "mother": null, "clinic": null, "mobile": null, "created_on": "2010-02-22 09:45:35", "location": 48, "estimated_dob": 1, "updated_on": "2010-02-22 09:45:35", "health_id": "g10342"}}, {"pk": 141, "model": "childcount.patient", "fields": {"status": 1, "chw": 7, "first_name": "Akinyi", "last_name": "Anne", "dob": "1978-08-24", "gender": "M", "household": 141, "mother": null, "clinic": null, "mobile": null, "created_on": "2010-02-22 09:45:42", "location": 69, "estimated_dob": 1, "updated_on": "2010-02-22 09:45:42", "health_id": "g10346"}}, {"pk": 115, "model": "childcount.patient", "fields": {"status": 1, "chw": 9, "first_name": "Owino", "last_name": "Willis", "dob": "1975-08-25", "gender": "F", "household": 115, "mother": null, "clinic": null, "mobile": null, "created_on": "2010-02-22 09:45:40", "location": 48, "estimated_dob": 1, "updated_on": "2010-02-22 09:45:40", "health_id": "g10444"}}, {"pk": 1, "model": "childcount.patient", "fields": {"status": 1, "chw": 9, "first_name": "Achando", "last_name": "Angela", "dob": "1982-08-24", "gender": "F", "household": 1, "mother": null, "clinic": null, "mobile": null, "created_on": "2010-02-22 09:44:45", "location": 48, "estimated_dob": 1, "updated_on": "2010-02-22 09:44:45", "health_id": "g10479"}}, {"pk": 5, "model": "childcount.patient", "fields": {"status": 1, "chw": 9, "first_name": "Akoth", "last_name": "", "dob": "1981-08-24", "gender": "M", "household": 5, "mother": null, "clinic": null, "mobile": null, "created_on": "2010-02-22 09:45:34", "location": 48, "estimated_dob": 1, "updated_on": "2010-02-22 09:45:34", "health_id": "g10483"}}, {"pk": 13, "model": "childcount.patient", "fields": {"status": 1, "chw": 9, "first_name": "Anyango", "last_name": "Syprose", "dob": "1976-08-24", "gender": "M", "household": 13, "mother": null, "clinic": null, "mobile": null, "created_on": "2010-02-22 09:45:34", "location": 48, "estimated_dob": 1, "updated_on": "2010-02-22 09:45:34", "health_id": "g10506"}}, {"pk": 43, "model": "childcount.patient", "fields": {"status": 1, "chw": 9, "first_name": "Elizabeth Atieno", "last_name": "Lihanda", "dob": "1981-08-24", "gender": "F", "household": 43, "mother": null, "clinic": null, "mobile": null, "created_on": "2010-02-22 09:45:36", "location": 48, "estimated_dob": 1, "updated_on": "2010-02-22 09:45:36", "health_id": "g2306"}}, {"pk": 53, "model": "childcount.patient", "fields": {"status": 1, "chw": 9, "first_name": "Eunice Ouma", "last_name": "Lihanda", "dob": "1979-08-25", "gender": "F", "household": 53, "mother": null, "clinic": null, "mobile": null, "created_on": "2010-02-22 09:45:37", "location": 48, "estimated_dob": 1, "updated_on": "2010-02-22 09:45:37", "health_id": "g2307"}}, {"pk": 109, "model": "childcount.patient", "fields": {"status": 1, "chw": 9, "first_name": "Mornica", "last_name": "Auma", "dob": "1975-08-25", "gender": "M", "household": 109, "mother": null, "clinic": null, "mobile": null, "created_on": "2010-02-22 09:45:40", "location": 48, "estimated_dob": 1, "updated_on": "2010-02-22 09:45:40", "health_id": "g2321"}}, {"pk": 65, "model": "childcount.patient", "fields": {"status": 1, "chw": 9, "first_name": "Jackline Amina", "last_name": "Lihanda", "dob": "1977-08-24", "gender": "M", "household": 65, "mother": null, "clinic": null, "mobile": null, "created_on": "2010-02-22 09:45:37", "location": 48, "estimated_dob": 1, "updated_on": "2010-02-22 09:45:37", "health_id": "g2323"}}, {"pk": 39, "model": "childcount.patient", "fields": {"status": 1, "chw": 9, "first_name": "Dorothy", "last_name": "Owino", "dob": "1977-08-24", "gender": "F", "household": 39, "mother": null, "clinic": null, "mobile": null, "created_on": "2010-02-22 09:45:36", "location": 48, "estimated_dob": 1, "updated_on": "2010-02-22 09:45:36", "health_id": "g2327"}}, {"pk": 123, "model": "childcount.patient", "fields": {"status": 1, "chw": 9, "first_name": "Pauline", "last_name": "Atieno", "dob": "1981-08-24", "gender": "M", "household": 123, "mother": null, "clinic": null, "mobile": null, "created_on": "2010-02-22 09:45:41", "location": 48, "estimated_dob": 1, "updated_on": "2010-02-22 09:45:41", "health_id": "g2332"}}, {"pk": 99, "model": "childcount.patient", "fields": {"status": 1, "chw": 9, "first_name": "Maomi", "last_name": "Akinyi", "dob": "1979-08-25", "gender": "F", "household": 99, "mother": null, "clinic": null, "mobile": null, "created_on": "2010-02-22 09:45:39", "location": 48, "estimated_dob": 1, "updated_on": "2010-02-22 09:45:39", "health_id": "g2335"}}, {"pk": 83, "model": "childcount.patient", "fields": {"status": 1, "chw": 9, "first_name": "Josphine", "last_name": "Auma", "dob": "1977-08-24", "gender": "F", "household": 83, "mother": null, "clinic": null, "mobile": null, "created_on": "2010-02-22 09:45:38", "location": 48, "estimated_dob": 1, "updated_on": "2010-02-22 09:45:38", "health_id": "g2337"}}, {"pk": 87, "model": "childcount.patient", "fields": {"status": 1, "chw": 9, "first_name": "Judith", "last_name": "Achieng", "dob": "1981-08-24", "gender": "M", "household": 87, "mother": null, "clinic": null, "mobile": null, "created_on": "2010-02-22 09:45:39", "location": 48, "estimated_dob": 1, "updated_on": "2010-02-22 09:45:39", "health_id": "g2342"}}, {"pk": 177, "model": "childcount.patient", "fields": {"status": 1, "chw": 7, "first_name": "Eva", "last_name": "Adoyo", "dob": "1978-08-24", "gender": "F", "household": 177, "mother": null, "clinic": null, "mobile": null, "created_on": "2010-02-22 09:45:44", "location": 69, "estimated_dob": 1, "updated_on": "2010-02-22 09:45:44", "health_id": "g2349"}}, {"pk": 71, "model": "childcount.patient", "fields": {"status": 1, "chw": 9, "first_name": "Janet", "last_name": "Awino", "dob": "1981-08-24", "gender": "F", "household": 71, "mother": null, "clinic": null, "mobile": null, "created_on": "2010-02-22 09:45:38", "location": 48, "estimated_dob": 1, "updated_on": "2010-02-22 09:45:38", "health_id": "g2359"}}, {"pk": 111, "model": "childcount.patient", "fields": {"status": 1, "chw": 9, "first_name": "Norah", "last_name": "Atieno", "dob": "1981-08-24", "gender": "M", "household": 111, "mother": null, "clinic": null, "mobile": null, "created_on": "2010-02-22 09:45:40", "location": 48, "estimated_dob": 1, "updated_on": "2010-02-22 09:45:40", "health_id": "g2362"}}, {"pk": 117, "model": "childcount.patient", "fields": {"status": 1, "chw": 9, "first_name": "Pamela", "last_name": "Anyango", "dob": "1980-08-24", "gender": "M", "household": 117, "mother": null, "clinic": null, "mobile": null, "created_on": "2010-02-22 09:45:40", "location": 48, "estimated_dob": 1, "updated_on": "2010-02-22 09:45:40", "health_id": "g2369"}}, {"pk": 161, "model": "childcount.patient", "fields": {"status": 1, "chw": 7, "first_name": "Caren", "last_name": "Ochieng", "dob": "1974-08-24", "gender": "M", "household": 161, "mother": null, "clinic": null, "mobile": null, "created_on": "2010-02-22 09:45:43", "location": 69, "estimated_dob": 1, "updated_on": "2010-02-22 09:45:43", "health_id": "g2370"}}, {"pk": 157, "model": "childcount.patient", "fields": {"status": 1, "chw": 7, "first_name": "Caren", "last_name": "Akinyi", "dob": "1978-08-24", "gender": "M", "household": 157, "mother": null, "clinic": null, "mobile": null, "created_on": "2010-02-22 09:45:43", "location": 69, "estimated_dob": 1, "updated_on": "2010-02-22 09:45:43", "health_id": "g2373"}}, {"pk": 63, "model": "childcount.patient", "fields": {"status": 1, "chw": 9, "first_name": "Irene", "last_name": "Ochieng", "dob": "1976-08-24", "gender": "F", "household": 63, "mother": null, "clinic": null, "mobile": null, "created_on": "2010-02-22 09:45:37", "location": 48, "estimated_dob": 1, "updated_on": "2010-02-22 09:45:37", "health_id": "g2375"}}, {"pk": 57, "model": "childcount.patient", "fields": {"status": 1, "chw": 9, "first_name": "Evon", "last_name": "Adhiambo", "dob": "1980-08-24", "gender": "F", "household": 57, "mother": null, "clinic": null, "mobile": null, "created_on": "2010-02-22 09:45:37", "location": 48, "estimated_dob": 1, "updated_on": "2010-02-22 09:45:37", "health_id": "g2382"}}, {"pk": 129, "model": "childcount.patient", "fields": {"status": 1, "chw": 9, "first_name": "Rose", "last_name": "Achieng", "dob": "1978-08-24", "gender": "M", "household": 129, "mother": null, "clinic": null, "mobile": null, "created_on": "2010-02-22 09:45:41", "location": 48, "estimated_dob": 1, "updated_on": "2010-02-22 09:45:41", "health_id": "g2388"}}, {"pk": 187, "model": "childcount.patient", "fields": {"status": 1, "chw": 7, "first_name": "Gladys", "last_name": "Awino", "dob": "1983-08-25", "gender": "M", "household": 187, "mother": null, "clinic": null, "mobile": null, "created_on": "2010-02-22 09:45:44", "location": 69, "estimated_dob": 1, "updated_on": "2010-02-22 09:45:44", "health_id": "g2390"}}, {"pk": 21, "model": "childcount.patient", "fields": {"status": 1, "chw": 9, "first_name": "Belinda", "last_name": "Anyango", "dob": "1982-08-24", "gender": "M", "household": 21, "mother": null, "clinic": null, "mobile": null, "created_on": "2010-02-22 09:45:35", "location": 48, "estimated_dob": 1, "updated_on": "2010-02-22 09:45:35", "health_id": "g2392"}}, {"pk": 165, "model": "childcount.patient", "fields": {"status": 1, "chw": 7, "first_name": "Caroline", "last_name": "Akeyo", "dob": "1981-08-24", "gender": "F", "household": 165, "mother": null, "clinic": null, "mobile": null, "created_on": "2010-02-22 09:45:43", "location": 69, "estimated_dob": 1, "updated_on": "2010-02-22 09:45:43", "health_id": "g2394"}}, {"pk": 151, "model": "childcount.patient", "fields": {"status": 1, "chw": 7, "first_name": "Beaty", "last_name": "Achieng", "dob": "1974-08-24", "gender": "M", "household": 151, "mother": null, "clinic": null, "mobile": null, "created_on": "2010-02-22 09:45:42", "location": 69, "estimated_dob": 1, "updated_on": "2010-02-22 09:45:42", "health_id": "g2396"}}, {"pk": 149, "model": "childcount.patient", "fields": {"status": 1, "chw": 7, "first_name": "Beatrice", "last_name": "Awino", "dob": "1983-08-25", "gender": "M", "household": 149, "mother": null, "clinic": null, "mobile": null, "created_on": "2010-02-22 09:45:42", "location": 69, "estimated_dob": 1, "updated_on": "2010-02-22 09:45:42", "health_id": "g2399"}}, {"pk": 29, "model": "childcount.patient", "fields": {"status": 1, "chw": 9, "first_name": "Christine", "last_name": "Otieno", "dob": "1978-08-24", "gender": "M", "household": 29, "mother": null, "clinic": null, "mobile": null, "created_on": "2010-02-22 09:45:35", "location": 48, "estimated_dob": 1, "updated_on": "2010-02-22 09:45:35", "health_id": "g2405"}}, {"pk": 153, "model": "childcount.patient", "fields": {"status": 1, "chw": 7, "first_name": "Benta", "last_name": "Adhiambo", "dob": "1976-08-24", "gender": "F", "household": 153, "mother": null, "clinic": null, "mobile": null, "created_on": "2010-02-22 09:45:42", "location": 69, "estimated_dob": 1, "updated_on": "2010-02-22 09:45:42", "health_id": "g2406"}}, {"pk": 183, "model": "childcount.patient", "fields": {"status": 1, "chw": 7, "first_name": "Florence", "last_name": "Anyango", "dob": "1975-08-25", "gender": "F", "household": 183, "mother": null, "clinic": null, "mobile": null, "created_on": "2010-02-22 09:45:44", "location": 69, "estimated_dob": 1, "updated_on": "2010-02-22 09:45:44", "health_id": "g2408"}}, {"pk": 37, "model": "childcount.patient", "fields": {"status": 1, "chw": 9, "first_name": "Doris", "last_name": "Atieno", "dob": "1974-08-24", "gender": "M", "household": 37, "mother": null, "clinic": null, "mobile": null, "created_on": "2010-02-22 09:45:36", "location": 48, "estimated_dob": 1, "updated_on": "2010-02-22 09:45:36", "health_id": "g2412"}}, {"pk": 167, "model": "childcount.patient", "fields": {"status": 1, "chw": 7, "first_name": "Caroline", "last_name": "Ngesa", "dob": "1978-08-24", "gender": "M", "household": 167, "mother": null, "clinic": null, "mobile": null, "created_on": "2010-02-22 09:45:43", "location": 69, "estimated_dob": 1, "updated_on": "2010-02-22 09:45:43", "health_id": "g2415"}}, {"pk": 145, "model": "childcount.patient", "fields": {"status": 1, "chw": 7, "first_name": "Alice", "last_name": "Nekesa", "dob": "1980-08-24", "gender": "M", "household": 145, "mother": null, "clinic": null, "mobile": null, "created_on": "2010-02-22 09:45:42", "location": 69, "estimated_dob": 1, "updated_on": "2010-02-22 09:45:42", "health_id": "g2417"}}, {"pk": 31, "model": "childcount.patient", "fields": {"status": 1, "chw": 9, "first_name": "Conslata", "last_name": "Atieno", "dob": "1975-08-25", "gender": "M", "household": 31, "mother": null, "clinic": null, "mobile": null, "created_on": "2010-02-22 09:45:35", "location": 48, "estimated_dob": 1, "updated_on": "2010-02-22 09:45:35", "health_id": "g2531"}}, {"pk": 59, "model": "childcount.patient", "fields": {"status": 1, "chw": 9, "first_name": "Fredrick", "last_name": "Ongiyo", "dob": "1980-08-24", "gender": "F", "household": 59, "mother": null, "clinic": null, "mobile": null, "created_on": "2010-02-22 09:45:37", "location": 48, "estimated_dob": 1, "updated_on": "2010-02-22 09:45:37", "health_id": "g2533"}}, {"pk": 55, "model": "childcount.patient", "fields": {"status": 1, "chw": 9, "first_name": "Everline", "last_name": "Awinja", "dob": "1982-08-24", "gender": "F", "household": 55, "mother": null, "clinic": null, "mobile": null, "created_on": "2010-02-22 09:45:37", "location": 48, "estimated_dob": 1, "updated_on": "2010-02-22 09:45:37", "health_id": "g2534"}}, {"pk": 107, "model": "childcount.patient", "fields": {"status": 1, "chw": 9, "first_name": "Michael", "last_name": "Otieno", "dob": "1975-08-25", "gender": "F", "household": 107, "mother": null, "clinic": null, "mobile": null, "created_on": "2010-02-22 09:45:40", "location": 48, "estimated_dob": 1, "updated_on": "2010-02-22 09:45:40", "health_id": "g2535"}}, {"pk": 81, "model": "childcount.patient", "fields": {"status": 1, "chw": 9, "first_name": "Josphine", "last_name": "Akinyi", "dob": "1980-08-24", "gender": "M", "household": 81, "mother": null, "clinic": null, "mobile": null, "created_on": "2010-02-22 09:45:38", "location": 48, "estimated_dob": 1, "updated_on": "2010-02-22 09:45:38", "health_id": "g2537"}}, {"pk": 189, "model": "childcount.patient", "fields": {"status": 1, "chw": 7, "first_name": "Hellen", "last_name": "Atieno", "dob": "1974-08-24", "gender": "M", "household": 189, "mother": null, "clinic": null, "mobile": null, "created_on": "2010-02-22 09:45:44", "location": 69, "estimated_dob": 1, "updated_on": "2010-02-22 09:45:44", "health_id": "g2546"}}, {"pk": 181, "model": "childcount.patient", "fields": {"status": 1, "chw": 7, "first_name": "Evalyne", "last_name": "Awino", "dob": "1978-08-24", "gender": "F", "household": 181, "mother": null, "clinic": null, "mobile": null, "created_on": "2010-02-22 09:45:44", "location": 69, "estimated_dob": 1, "updated_on": "2010-02-22 09:45:44", "health_id": "g2553"}}, {"pk": 199, "model": "childcount.patient", "fields": {"status": 1, "chw": 7, "first_name": "Jenipher", "last_name": "Akinyi", "dob": "1977-08-24", "gender": "M", "household": 199, "mother": null, "clinic": null, "mobile": null, "created_on": "2010-02-22 09:45:45", "location": 69, "estimated_dob": 1, "updated_on": "2010-02-22 09:45:45", "health_id": "g2555"}}, {"pk": 91, "model": "childcount.patient", "fields": {"status": 1, "chw": 9, "first_name": "Lilian", "last_name": "Akoth", "dob": "1982-08-24", "gender": "F", "household": 91, "mother": null, "clinic": null, "mobile": null, "created_on": "2010-02-22 09:45:39", "location": 48, "estimated_dob": 1, "updated_on": "2010-02-22 09:45:39", "health_id": "g2557"}}, {"pk": 139, "model": "childcount.patient", "fields": {"status": 1, "chw": 7, "first_name": "Agnes", "last_name": "Achieng", "dob": "1973-08-24", "gender": "F", "household": 139, "mother": null, "clinic": null, "mobile": null, "created_on": "2010-02-22 09:45:42", "location": 69, "estimated_dob": 1, "updated_on": "2010-02-22 09:45:42", "health_id": "g2558"}}, {"pk": 25, "model": "childcount.patient", "fields": {"status": 1, "chw": 9, "first_name": "Catherine", "last_name": "Awuor", "dob": "1978-08-24", "gender": "F", "household": 25, "mother": null, "clinic": null, "mobile": null, "created_on": "2010-02-22 09:45:35", "location": 48, "estimated_dob": 1, "updated_on": "2010-02-22 09:45:35", "health_id": "g2560"}}, {"pk": 103, "model": "childcount.patient", "fields": {"status": 1, "chw": 9, "first_name": "Maureen", "last_name": "Akoth", "dob": "1983-08-25", "gender": "F", "household": 103, "mother": null, "clinic": null, "mobile": null, "created_on": "2010-02-22 09:45:40", "location": 48, "estimated_dob": 1, "updated_on": "2010-02-22 09:45:40", "health_id": "g2562"}}, {"pk": 89, "model": "childcount.patient", "fields": {"status": 1, "chw": 9, "first_name": "Lilian", "last_name": "Akinyi", "dob": "1978-08-24", "gender": "M", "household": 89, "mother": null, "clinic": null, "mobile": null, "created_on": "2010-02-22 09:45:39", "location": 48, "estimated_dob": 1, "updated_on": "2010-02-22 09:45:39", "health_id": "g2566"}}, {"pk": 191, "model": "childcount.patient", "fields": {"status": 1, "chw": 7, "first_name": "Hellen", "last_name": "Awuor", "dob": "1975-08-25", "gender": "F", "household": 191, "mother": null, "clinic": null, "mobile": null, "created_on": "2010-02-22 09:45:44", "location": 69, "estimated_dob": 1, "updated_on": "2010-02-22 09:45:45", "health_id": "g2569"}}, {"pk": 137, "model": "childcount.patient", "fields": {"status": 1, "chw": 9, "first_name": "Steven", "last_name": "Oduol", "dob": "1978-08-24", "gender": "F", "household": 137, "mother": null, "clinic": null, "mobile": null, "created_on": "2010-02-22 09:45:42", "location": 48, "estimated_dob": 1, "updated_on": "2010-02-22 09:45:42", "health_id": "g2570"}}, {"pk": 169, "model": "childcount.patient", "fields": {"status": 1, "chw": 7, "first_name": "Damarice", "last_name": "Kwamboka", "dob": "1974-08-24", "gender": "M", "household": 169, "mother": null, "clinic": null, "mobile": null, "created_on": "2010-02-22 09:45:43", "location": 69, "estimated_dob": 1, "updated_on": "2010-02-22 09:45:43", "health_id": "g2574"}}, {"pk": 41, "model": "childcount.patient", "fields": {"status": 1, "chw": 9, "first_name": "Elizabeth", "last_name": "Atieno", "dob": "1976-08-24", "gender": "F", "household": 41, "mother": null, "clinic": null, "mobile": null, "created_on": "2010-02-22 09:45:36", "location": 48, "estimated_dob": 1, "updated_on": "2010-02-22 09:45:36", "health_id": "g2576"}}, {"pk": 195, "model": "childcount.patient", "fields": {"status": 1, "chw": 7, "first_name": "Jane", "last_name": "Akoth", "dob": "1976-08-24", "gender": "M", "household": 195, "mother": null, "clinic": null, "mobile": null, "created_on": "2010-02-22 09:45:45", "location": 69, "estimated_dob": 1, "updated_on": "2010-02-22 09:45:45", "health_id": "g2578"}}, {"pk": 125, "model": "childcount.patient", "fields": {"status": 1, "chw": 9, "first_name": "Peter", "last_name": "Otieno", "dob": "1981-08-24", "gender": "M", "household": 125, "mother": null, "clinic": null, "mobile": null, "created_on": "2010-02-22 09:45:41", "location": 48, "estimated_dob": 1, "updated_on": "2010-02-22 09:45:41", "health_id": "g2585"}}, {"pk": 9, "model": "childcount.patient", "fields": {"status": 1, "chw": 9, "first_name": "Amos", "last_name": "Akelo", "dob": "1973-08-24", "gender": "F", "household": 9, "mother": null, "clinic": null, "mobile": null, "created_on": "2010-02-22 09:45:34", "location": 48, "estimated_dob": 1, "updated_on": "2010-02-22 09:45:34", "health_id": "g2589"}}, {"pk": 73, "model": "childcount.patient", "fields": {"status": 1, "chw": 9, "first_name": "John", "last_name": "Otieno", "dob": "1974-08-24", "gender": "F", "household": 73, "mother": null, "clinic": null, "mobile": null, "created_on": "2010-02-22 09:45:38", "location": 48, "estimated_dob": 1, "updated_on": "2010-02-22 09:45:38", "health_id": "g2625"}}, {"pk": 105, "model": "childcount.patient", "fields": {"status": 1, "chw": 9, "first_name": "Maureen", "last_name": "Awuor", "dob": "1981-08-24", "gender": "M", "household": 105, "mother": null, "clinic": null, "mobile": null, "created_on": "2010-02-22 09:45:40", "location": 48, "estimated_dob": 1, "updated_on": "2010-02-22 09:45:40", "health_id": "g2674"}}, {"pk": 47, "model": "childcount.patient", "fields": {"status": 1, "chw": 9, "first_name": "Ester", "last_name": "Atieno", "dob": "1978-08-24", "gender": "M", "household": 47, "mother": null, "clinic": null, "mobile": null, "created_on": "2010-02-22 09:45:36", "location": 48, "estimated_dob": 1, "updated_on": "2010-02-22 09:45:36", "health_id": "g2676"}}, {"pk": 119, "model": "childcount.patient", "fields": {"status": 1, "chw": 9, "first_name": "Pamela", "last_name": "Auma", "dob": "1976-08-24", "gender": "F", "household": 119, "mother": null, "clinic": null, "mobile": null, "created_on": "2010-02-22 09:45:40", "location": 48, "estimated_dob": 1, "updated_on": "2010-02-22 09:45:40", "health_id": "g2683"}}, {"pk": 23, "model": "childcount.patient", "fields": {"status": 1, "chw": 9, "first_name": "Benard", "last_name": "Otieno", "dob": "1974-08-24", "gender": "F", "household": 23, "mother": null, "clinic": null, "mobile": null, "created_on": "2010-02-22 09:45:35", "location": 48, "estimated_dob": 1, "updated_on": "2010-02-22 09:45:35", "health_id": "g2686"}}, {"pk": 33, "model": "childcount.patient", "fields": {"status": 1, "chw": 9, "first_name": "David", "last_name": "Omondi", "dob": "1975-08-25", "gender": "F", "household": 33, "mother": null, "clinic": null, "mobile": null, "created_on": "2010-02-22 09:45:36", "location": 48, "estimated_dob": 1, "updated_on": "2010-02-22 09:45:36", "health_id": "g2688"}}, {"pk": 75, "model": "childcount.patient", "fields": {"status": 1, "chw": 9, "first_name": "Joseph", "last_name": "Olumbe", "dob": "1980-08-24", "gender": "M", "household": 75, "mother": null, "clinic": null, "mobile": null, "created_on": "2010-02-22 09:45:38", "location": 48, "estimated_dob": 1, "updated_on": "2010-02-22 09:45:38", "health_id": "g2692"}}, {"pk": 61, "model": "childcount.patient", "fields": {"status": 1, "chw": 9, "first_name": "Irene", "last_name": "Achieng", "dob": "1980-08-24", "gender": "M", "household": 61, "mother": null, "clinic": null, "mobile": null, "created_on": "2010-02-22 09:45:37", "location": 48, "estimated_dob": 1, "updated_on": "2010-02-22 09:45:37", "health_id": "g2700"}}, {"pk": 97, "model": "childcount.patient", "fields": {"status": 1, "chw": 9, "first_name": "Magrate", "last_name": "Messo", "dob": "1981-08-24", "gender": "M", "household": 97, "mother": null, "clinic": null, "mobile": null, "created_on": "2010-02-22 09:45:39", "location": 48, "estimated_dob": 1, "updated_on": "2010-02-22 09:45:39", "health_id": "g2703"}}, {"pk": 77, "model": "childcount.patient", "fields": {"status": 1, "chw": 9, "first_name": "Joseph", "last_name": "Otieno", "dob": "1974-08-24", "gender": "F", "household": 77, "mother": null, "clinic": null, "mobile": null, "created_on": "2010-02-22 09:45:38", "location": 48, "estimated_dob": 1, "updated_on": "2010-02-22 09:45:38", "health_id": "g2706"}}, {"pk": 85, "model": "childcount.patient", "fields": {"status": 1, "chw": 9, "first_name": "Joyce", "last_name": "Odinga", "dob": "1982-08-24", "gender": "M", "household": 85, "mother": null, "clinic": null, "mobile": null, "created_on": "2010-02-22 09:45:39", "location": 48, "estimated_dob": 1, "updated_on": "2010-02-22 09:45:39", "health_id": "g2711"}}, {"pk": 135, "model": "childcount.patient", "fields": {"status": 1, "chw": 9, "first_name": "Sharon", "last_name": "Ochieng", "dob": "1976-08-24", "gender": "F", "household": 135, "mother": null, "clinic": null, "mobile": null, "created_on": "2010-02-22 09:45:41", "location": 48, "estimated_dob": 1, "updated_on": "2010-02-22 09:45:41", "health_id": "g2712"}}, {"pk": 69, "model": "childcount.patient", "fields": {"status": 1, "chw": 9, "first_name": "Jane", "last_name": "Onyango", "dob": "1978-08-24", "gender": "F", "household": 69, "mother": null, "clinic": null, "mobile": null, "created_on": "2010-02-22 09:45:38", "location": 48, "estimated_dob": 1, "updated_on": "2010-02-22 09:45:38", "health_id": "g2716"}}, {"pk": 133, "model": "childcount.patient", "fields": {"status": 1, "chw": 9, "first_name": "Salome", "last_name": "Atieno", "dob": "1976-08-24", "gender": "F", "household": 133, "mother": null, "clinic": null, "mobile": null, "created_on": "2010-02-22 09:45:41", "location": 48, "estimated_dob": 1, "updated_on": "2010-02-22 09:45:41", "health_id": "g2808"}}, {"pk": 173, "model": "childcount.patient", "fields": {"status": 1, "chw": 7, "first_name": "Dorine", "last_name": "Atieno", "dob": "1983-08-25", "gender": "M", "household": 173, "mother": null, "clinic": null, "mobile": null, "created_on": "2010-02-22 09:45:43", "location": 69, "estimated_dob": 1, "updated_on": "2010-02-22 09:45:43", "health_id": "g2842"}}, {"pk": 197, "model": "childcount.patient", "fields": {"status": 1, "chw": 7, "first_name": "Jecinter", "last_name": "Akinyi", "dob": "1976-08-24", "gender": "M", "household": 197, "mother": null, "clinic": null, "mobile": null, "created_on": "2010-02-22 09:45:45", "location": 69, "estimated_dob": 1, "updated_on": "2010-02-22 09:45:45", "health_id": "g2844"}}, {"pk": 147, "model": "childcount.patient", "fields": {"status": 1, "chw": 7, "first_name": "Beatrice", "last_name": "Anyango", "dob": "1978-08-24", "gender": "M", "household": 147, "mother": null, "clinic": null, "mobile": null, "created_on": "2010-02-22 09:45:42", "location": 69, "estimated_dob": 1, "updated_on": "2010-02-22 09:45:42", "health_id": "g2853"}}, {"pk": 185, "model": "childcount.patient", "fields": {"status": 1, "chw": 7, "first_name": "Florence", "last_name": "Auma", "dob": "1976-08-24", "gender": "F", "household": 185, "mother": null, "clinic": null, "mobile": null, "created_on": "2010-02-22 09:45:44", "location": 69, "estimated_dob": 1, "updated_on": "2010-02-22 09:45:44", "health_id": "g2860"}}, {"pk": 155, "model": "childcount.patient", "fields": {"status": 1, "chw": 7, "first_name": "Beryl", "last_name": "Akinyi", "dob": "1976-08-24", "gender": "M", "household": 155, "mother": null, "clinic": null, "mobile": null, "created_on": "2010-02-22 09:45:42", "location": 69, "estimated_dob": 1, "updated_on": "2010-02-22 09:45:43", "health_id": "g2863"}}, {"pk": 143, "model": "childcount.patient", "fields": {"status": 1, "chw": 7, "first_name": "Alice", "last_name": "Awino", "dob": "1975-08-25", "gender": "F", "household": 143, "mother": null, "clinic": null, "mobile": null, "created_on": "2010-02-22 09:45:42", "location": 69, "estimated_dob": 1, "updated_on": "2010-02-22 09:45:42", "health_id": "g2864"}}, {"pk": 179, "model": "childcount.patient", "fields": {"status": 1, "chw": 7, "first_name": "Evalyne", "last_name": "Akinyi", "dob": "1981-08-24", "gender": "F", "household": 179, "mother": null, "clinic": null, "mobile": null, "created_on": "2010-02-22 09:45:44", "location": 69, "estimated_dob": 1, "updated_on": "2010-02-22 09:45:44", "health_id": "g2868"}}, {"pk": 159, "model": "childcount.patient", "fields": {"status": 1, "chw": 7, "first_name": "Caren", "last_name": "Awino", "dob": "1982-08-24", "gender": "F", "household": 159, "mother": null, "clinic": null, "mobile": null, "created_on": "2010-02-22 09:45:43", "location": 69, "estimated_dob": 1, "updated_on": "2010-02-22 09:45:43", "health_id": "g2871"}}, {"pk": 45, "model": "childcount.patient", "fields": {"status": 1, "chw": 9, "first_name": "Emmaculate", "last_name": "Awino", "dob": "1974-08-24", "gender": "M", "household": 45, "mother": null, "clinic": null, "mobile": null, "created_on": "2010-02-22 09:45:36", "location": 48, "estimated_dob": 1, "updated_on": "2010-02-22 09:45:36", "health_id": "g3810"}}, {"pk": 193, "model": "childcount.patient", "fields": {"status": 1, "chw": 7, "first_name": "Irene", "last_name": "Omollo", "dob": "1979-08-25", "gender": "F", "household": 193, "mother": null, "clinic": null, "mobile": null, "created_on": "2010-02-22 09:45:45", "location": 69, "estimated_dob": 1, "updated_on": "2010-02-22 09:45:45", "health_id": "g5157"}}, {"pk": 171, "model": "childcount.patient", "fields": {"status": 1, "chw": 7, "first_name": "Dorcas", "last_name": "Atieno", "dob": "1974-08-24", "gender": "F", "household": 171, "mother": null, "clinic": null, "mobile": null, "created_on": "2010-02-22 09:45:43", "location": 69, "estimated_dob": 1, "updated_on": "2010-02-22 09:45:43", "health_id": "g6090"}}, {"pk": 127, "model": "childcount.patient", "fields": {"status": 1, "chw": 9, "first_name": "Peter", "last_name": "Rambaya", "dob": "1975-08-25", "gender": "M", "household": 127, "mother": null, "clinic": null, "mobile": null, "created_on": "2010-02-22 09:45:41", "location": 48, "estimated_dob": 1, "updated_on": "2010-02-22 09:45:41", "health_id": "g6702"}}, {"pk": 131, "model": "childcount.patient", "fields": {"status": 1, "chw": 9, "first_name": "Rose", "last_name": "Adhiambo", "dob": "1976-08-24", "gender": "F", "household": 131, "mother": null, "clinic": null, "mobile": null, "created_on": "2010-02-22 09:45:41", "location": 48, "estimated_dob": 1, "updated_on": "2010-02-22 09:45:41", "health_id": "g6710"}}, {"pk": 7, "model": "childcount.patient", "fields": {"status": 1, "chw": 9, "first_name": "Alice", "last_name": "Akinyi", "dob": "1977-08-24", "gender": "M", "household": 7, "mother": null, "clinic": null, "mobile": null, "created_on": "2010-02-22 09:45:34", "location": 48, "estimated_dob": 1, "updated_on": "2010-02-22 09:45:34", "health_id": "g6711"}}, {"pk": 11, "model": "childcount.patient", "fields": {"status": 1, "chw": 9, "first_name": "Anjeline", "last_name": "Oluande", "dob": "1981-08-24", "gender": "F", "household": 11, "mother": null, "clinic": null, "mobile": null, "created_on": "2010-02-22 09:45:34", "location": 48, "estimated_dob": 1, "updated_on": "2010-02-22 09:45:34", "health_id": "g8448"}}, {"pk": 35, "model": "childcount.patient", "fields": {"status": 1, "chw": 9, "first_name": "Dorcus", "last_name": "Nyabie", "dob": "1974-08-24", "gender": "M", "household": 35, "mother": null, "clinic": null, "mobile": null, "created_on": "2010-02-22 09:45:36", "location": 48, "estimated_dob": 1, "updated_on": "2010-02-22 09:45:36", "health_id": "g8449"}}, {"pk": 79, "model": "childcount.patient", "fields": {"status": 1, "chw": 9, "first_name": "Joseph", "last_name": "Waringa", "dob": "1976-08-24", "gender": "M", "household": 79, "mother": null, "clinic": null, "mobile": null, "created_on": "2010-02-22 09:45:38", "location": 48, "estimated_dob": 1, "updated_on": "2010-02-22 09:45:38", "health_id": "g8455"}}, {"pk": 121, "model": "childcount.patient", "fields": {"status": 1, "chw": 9, "first_name": "Paul", "last_name": "Owino", "dob": "1982-08-24", "gender": "M", "household": 121, "mother": null, "clinic": null, "mobile": null, "created_on": "2010-02-22 09:45:41", "location": 48, "estimated_dob": 1, "updated_on": "2010-02-22 09:45:41", "health_id": "g8461"}}, {"pk": 95, "model": "childcount.patient", "fields": {"status": 1, "chw": 9, "first_name": "Magrate", "last_name": "Achieng", "dob": "1982-08-24", "gender": "M", "household": 95, "mother": null, "clinic": null, "mobile": null, "created_on": "2010-02-22 09:45:39", "location": 48, "estimated_dob": 1, "updated_on": "2010-02-22 09:45:39", "health_id": "g8629"}}, {"pk": 67, "model": "childcount.patient", "fields": {"status": 1, "chw": 9, "first_name": "Jael", "last_name": "Otieno", "dob": "1974-08-24", "gender": "M", "household": 67, "mother": null, "clinic": null, "mobile": null, "created_on": "2010-02-22 09:45:38", "location": 48, "estimated_dob": 1, "updated_on": "2010-02-22 09:45:38", "health_id": "g8841"}}, {"pk": 175, "model": "childcount.patient", "fields": {"status": 1, "chw": 7, "first_name": "Emilly A", "last_name": "Okendo", "dob": "1983-08-25", "gender": "M", "household": 175, "mother": null, "clinic": null, "mobile": null, "created_on": "2010-02-22 09:45:44", "location": 69, "estimated_dob": 1, "updated_on": "2010-02-22 09:45:44", "health_id": "g9150"}}, {"pk": 101, "model": "childcount.patient", "fields": {"status": 1, "chw": 9, "first_name": "Mary", "last_name": "Auma", "dob": "1975-08-25", "gender": "F", "household": 101, "mother": null, "clinic": null, "mobile": null, "created_on": "2010-02-22 09:45:39", "location": 48, "estimated_dob": 1, "updated_on": "2010-02-22 09:45:39", "health_id": "g9640"}}, {"pk": 93, "model": "childcount.patient", "fields": {"status": 1, "chw": 9, "first_name": "Lydia", "last_name": "Anyango", "dob": "1976-08-24", "gender": "M", "household": 93, "mother": null, "clinic": null, "mobile": null, "created_on": "2010-02-22 09:45:39", "location": 48, "estimated_dob": 1, "updated_on": "2010-02-22 09:45:39", "health_id": "g9884"}}, {"pk": 39, "model": "childcount.codeditem", "fields": {"code": "bp", "type": "C", "description": "Birth plan"}}, {"pk": 40, "model": "childcount.codeditem", "fields": {"code": "ec", "type": "C", "description": "Environmental cleanliness"}}, {"pk": 41, "model": "childcount.codeditem", "fields": {"code": "fp", "type": "C", "description": "Family planning"}}, {"pk": 42, "model": "childcount.codeditem", "fields": {"code": "nut", "type": "C", "description": "Nutrition"}}, {"pk": 1, "model": "childcount.codeditem", "fields": {"code": "as", "type": "DS", "description": "Accident / trauma"}}, {"pk": 2, "model": "childcount.codeditem", "fields": {"code": "bd", "type": "DS", "description": "Difficulty breathing"}}, {"pk": 4, "model": "childcount.codeditem", "fields": {"code": "bl", "type": "DS", "description": "Abnormal bleeding"}}, {"pk": 23, "model": "childcount.codeditem", "fields": {"code": "bm", "type": "DS", "description": "Baby stopped moving"}}, {"pk": 3, "model": "childcount.codeditem", "fields": {"code": "bs", "type": "DS", "description": "Blood in stool"}}, {"pk": 24, "model": "childcount.codeditem", "fields": {"code": "bv", "type": "DS", "description": "Blurred vision"}}, {"pk": 5, "model": "childcount.codeditem", "fields": {"code": "cc", "type": "DS", "description": "Cough"}}, {"pk": 7, "model": "childcount.codeditem", "fields": {"code": "cl", "type": "DS", "description": "Cold to touch"}}, {"pk": 8, "model": "childcount.codeditem", "fields": {"code": "cm", "type": "DS", "description": "Coma"}}, {"pk": 9, "model": "childcount.codeditem", "fields": {"code": "cn", "type": "DS", "description": "No bowel movements"}}, {"pk": 10, "model": "childcount.codeditem", "fields": {"code": "cv", "type": "DS", "description": "Convulsions"}}, {"pk": 6, "model": "childcount.codeditem", "fields": {"code": "cw", "type": "DS", "description": "Cough > 3 weeks"}}, {"pk": 11, "model": "childcount.codeditem", "fields": {"code": "dh", "type": "DS", "description": "Dehydration"}}, {"pk": 25, "model": "childcount.codeditem", "fields": {"code": "fp", "type": "DS", "description": "Fever in first trimester"}}, {"pk": 12, "model": "childcount.codeditem", "fields": {"code": "fv", "type": "DS", "description": "Fever"}}, {"pk": 13, "model": "childcount.codeditem", "fields": {"code": "ir", "type": "DS", "description": "Irritable / inconsolable"}}, {"pk": 26, "model": "childcount.codeditem", "fields": {"code": "nb", "type": "DS", "description": "Night blindness"}}, {"pk": 15, "model": "childcount.codeditem", "fields": {"code": "nf", "type": "DS", "description": "Not feeding / sucking well"}}, {"pk": 16, "model": "childcount.codeditem", "fields": {"code": "nr", "type": "DS", "description": "Not responding well"}}, {"pk": 17, "model": "childcount.codeditem", "fields": {"code": "nu", "type": "DS", "description": "Little or no urine"}}, {"pk": 14, "model": "childcount.codeditem", "fields": {"code": "od", "type": "DS", "description": "Oedema"}}, {"pk": 27, "model": "childcount.codeditem", "fields": {"code": "pa", "type": "DS", "description": "Abdominal / pelvic pain"}}, {"pk": 28, "model": "childcount.codeditem", "fields": {"code": "ph", "type": "DS", "description": "Severe headache"}}, {"pk": 29, "model": "childcount.codeditem", "fields": {"code": "pu", "type": "DS", "description": "Painful urination"}}, {"pk": 18, "model": "childcount.codeditem", "fields": {"code": "sf", "type": "DS", "description": "Skin infection"}}, {"pk": 30, "model": "childcount.codeditem", "fields": {"code": "sp", "type": "DS", "description": "Sores, itching, pus on body"}}, {"pk": 31, "model": "childcount.codeditem", "fields": {"code": "sw", "type": "DS", "description": "Swelling of face or hands"}}, {"pk": 19, "model": "childcount.codeditem", "fields": {"code": "uf", "type": "DS", "description": "Umbilicus infection"}}, {"pk": 32, "model": "childcount.codeditem", "fields": {"code": "vb", "type": "DS", "description": "Abnormal vaginal bleeding"}}, {"pk": 33, "model": "childcount.codeditem", "fields": {"code": "vd", "type": "DS", "description": "Abnormal vaginal discharge"}}, {"pk": 20, "model": "childcount.codeditem", "fields": {"code": "vm", "type": "DS", "description": "Vomiting"}}, {"pk": 34, "model": "childcount.codeditem", "fields": {"code": "vp", "type": "DS", "description": "Vaginal pain or sores"}}, {"pk": 21, "model": "childcount.codeditem", "fields": {"code": "wl", "type": "DS", "description": "Weight loss"}}, {"pk": 22, "model": "childcount.codeditem", "fields": {"code": "z", "type": "DS", "description": "Other"}}, {"pk": 35, "model": "childcount.codeditem", "fields": {"code": "c", "type": "FP", "description": "Condoms"}}, {"pk": 37, "model": "childcount.codeditem", "fields": {"code": "i", "type": "FP", "description": "Injectable"}}, {"pk": 36, "model": "childcount.codeditem", "fields": {"code": "n", "type": "FP", "description": "Norplant"}}, {"pk": 38, "model": "childcount.codeditem", "fields": {"code": "p", "type": "FP", "description": "Oral contraception"}}, {"pk": 43, "model": "childcount.codeditem", "fields": {"code": "act", "type": "M", "description": "Anti-malarial"}}, {"pk": 44, "model": "childcount.codeditem", "fields": {"code": "r", "type": "M", "description": "ORS"}}, {"pk": 45, "model": "childcount.codeditem", "fields": {"code": "z", "type": "M", "description": "Zinc"}}, {"pk": 1, "model": "childcount.ccreport", "fields": {"modified_on": "2010-02-22 13:48:53", "created_on": "2010-02-22 13:48:53", "modified_by": null, "created_by": 9}}, {"pk": 3, "model": "childcount.ccreport", "fields": {"modified_on": "2010-02-22 13:48:53", "created_on": "2010-02-22 13:48:53", "modified_by": null, "created_by": 9}}, {"pk": 5, "model": "childcount.ccreport", "fields": {"modified_on": "2010-02-22 13:48:53", "created_on": "2010-02-22 13:48:53", "modified_by": null, "created_by": 9}}, {"pk": 7, "model": "childcount.ccreport", "fields": {"modified_on": "2010-02-22 13:48:53", "created_on": "2010-02-22 13:48:53", "modified_by": null, "created_by": 9}}, {"pk": 9, "model": "childcount.ccreport", "fields": {"modified_on": "2010-02-22 13:48:54", "created_on": "2010-02-22 13:48:54", "modified_by": null, "created_by": 9}}, {"pk": 11, "model": "childcount.ccreport", "fields": {"modified_on": "2010-02-22 13:48:54", "created_on": "2010-02-22 13:48:54", "modified_by": null, "created_by": 9}}, {"pk": 13, "model": "childcount.ccreport", "fields": {"modified_on": "2010-02-22 13:48:54", "created_on": "2010-02-22 13:48:54", "modified_by": null, "created_by": 9}}, {"pk": 15, "model": "childcount.ccreport", "fields": {"modified_on": "2010-02-22 13:48:54", "created_on": "2010-02-22 13:48:54", "modified_by": null, "created_by": 9}}, {"pk": 17, "model": "childcount.ccreport", "fields": {"modified_on": "2010-02-22 13:48:54", "created_on": "2010-02-22 13:48:54", "modified_by": null, "created_by": 9}}, {"pk": 19, "model": "childcount.ccreport", "fields": {"modified_on": "2010-02-22 13:48:54", "created_on": "2010-02-22 13:48:54", "modified_by": null, "created_by": 9}}, {"pk": 21, "model": "childcount.ccreport", "fields": {"modified_on": "2010-02-22 13:48:54", "created_on": "2010-02-22 13:48:54", "modified_by": null, "created_by": 9}}, {"pk": 23, "model": "childcount.ccreport", "fields": {"modified_on": "2010-02-22 13:48:54", "created_on": "2010-02-22 13:48:54", "modified_by": null, "created_by": 9}}, {"pk": 25, "model": "childcount.ccreport", "fields": {"modified_on": "2010-02-22 13:48:54", "created_on": "2010-02-22 13:48:54", "modified_by": null, "created_by": 9}}, {"pk": 27, "model": "childcount.ccreport", "fields": {"modified_on": "2010-02-22 13:48:55", "created_on": "2010-02-22 13:48:55", "modified_by": null, "created_by": 9}}, {"pk": 29, "model": "childcount.ccreport", "fields": {"modified_on": "2010-02-22 13:48:55", "created_on": "2010-02-22 13:48:55", "modified_by": null, "created_by": 9}}, {"pk": 31, "model": "childcount.ccreport", "fields": {"modified_on": "2010-02-22 13:48:55", "created_on": "2010-02-22 13:48:55", "modified_by": null, "created_by": 9}}, {"pk": 33, "model": "childcount.ccreport", "fields": {"modified_on": "2010-02-22 13:48:55", "created_on": "2010-02-22 13:48:55", "modified_by": null, "created_by": 9}}, {"pk": 35, "model": "childcount.ccreport", "fields": {"modified_on": "2010-02-22 13:48:55", "created_on": "2010-02-22 13:48:55", "modified_by": null, "created_by": 9}}, {"pk": 37, "model": "childcount.ccreport", "fields": {"modified_on": "2010-02-22 13:48:55", "created_on": "2010-02-22 13:48:55", "modified_by": null, "created_by": 9}}, {"pk": 39, "model": "childcount.ccreport", "fields": {"modified_on": "2010-02-22 13:48:55", "created_on": "2010-02-22 13:48:55", "modified_by": null, "created_by": 9}}, {"pk": 41, "model": "childcount.ccreport", "fields": {"modified_on": "2010-02-22 13:48:55", "created_on": "2010-02-22 13:48:55", "modified_by": null, "created_by": 9}}, {"pk": 43, "model": "childcount.ccreport", "fields": {"modified_on": "2010-02-22 13:48:55", "created_on": "2010-02-22 13:48:55", "modified_by": null, "created_by": 9}}, {"pk": 45, "model": "childcount.ccreport", "fields": {"modified_on": "2010-02-22 13:48:55", "created_on": "2010-02-22 13:48:55", "modified_by": null, "created_by": 9}}, {"pk": 47, "model": "childcount.ccreport", "fields": {"modified_on": "2010-02-22 13:48:55", "created_on": "2010-02-22 13:48:55", "modified_by": null, "created_by": 9}}, {"pk": 49, "model": "childcount.ccreport", "fields": {"modified_on": "2010-02-22 13:48:56", "created_on": "2010-02-22 13:48:56", "modified_by": null, "created_by": 9}}, {"pk": 51, "model": "childcount.ccreport", "fields": {"modified_on": "2010-02-22 13:48:56", "created_on": "2010-02-22 13:48:56", "modified_by": null, "created_by": 9}}, {"pk": 53, "model": "childcount.ccreport", "fields": {"modified_on": "2010-02-22 13:48:56", "created_on": "2010-02-22 13:48:56", "modified_by": null, "created_by": 9}}, {"pk": 55, "model": "childcount.ccreport", "fields": {"modified_on": "2010-02-22 13:48:56", "created_on": "2010-02-22 13:48:56", "modified_by": null, "created_by": 9}}, {"pk": 57, "model": "childcount.ccreport", "fields": {"modified_on": "2010-02-22 13:48:56", "created_on": "2010-02-22 13:48:56", "modified_by": null, "created_by": 9}}, {"pk": 59, "model": "childcount.ccreport", "fields": {"modified_on": "2010-02-22 13:48:56", "created_on": "2010-02-22 13:48:56", "modified_by": null, "created_by": 9}}, {"pk": 61, "model": "childcount.ccreport", "fields": {"modified_on": "2010-02-22 13:48:56", "created_on": "2010-02-22 13:48:56", "modified_by": null, "created_by": 9}}, {"pk": 63, "model": "childcount.ccreport", "fields": {"modified_on": "2010-02-22 13:48:56", "created_on": "2010-02-22 13:48:56", "modified_by": null, "created_by": 9}}, {"pk": 65, "model": "childcount.ccreport", "fields": {"modified_on": "2010-02-22 13:48:56", "created_on": "2010-02-22 13:48:56", "modified_by": null, "created_by": 9}}, {"pk": 67, "model": "childcount.ccreport", "fields": {"modified_on": "2010-02-22 13:48:57", "created_on": "2010-02-22 13:48:57", "modified_by": null, "created_by": 9}}, {"pk": 69, "model": "childcount.ccreport", "fields": {"modified_on": "2010-02-22 13:48:57", "created_on": "2010-02-22 13:48:57", "modified_by": null, "created_by": 9}}, {"pk": 71, "model": "childcount.ccreport", "fields": {"modified_on": "2010-02-22 13:48:57", "created_on": "2010-02-22 13:48:57", "modified_by": null, "created_by": 9}}, {"pk": 73, "model": "childcount.ccreport", "fields": {"modified_on": "2010-02-22 13:48:57", "created_on": "2010-02-22 13:48:57", "modified_by": null, "created_by": 9}}, {"pk": 75, "model": "childcount.ccreport", "fields": {"modified_on": "2010-02-22 13:48:57", "created_on": "2010-02-22 13:48:57", "modified_by": null, "created_by": 9}}, {"pk": 77, "model": "childcount.ccreport", "fields": {"modified_on": "2010-02-22 13:48:57", "created_on": "2010-02-22 13:48:57", "modified_by": null, "created_by": 9}}, {"pk": 79, "model": "childcount.ccreport", "fields": {"modified_on": "2010-02-22 13:48:57", "created_on": "2010-02-22 13:48:57", "modified_by": null, "created_by": 9}}, {"pk": 81, "model": "childcount.ccreport", "fields": {"modified_on": "2010-02-22 13:48:57", "created_on": "2010-02-22 13:48:57", "modified_by": null, "created_by": 9}}, {"pk": 83, "model": "childcount.ccreport", "fields": {"modified_on": "2010-02-22 13:48:57", "created_on": "2010-02-22 13:48:57", "modified_by": null, "created_by": 9}}, {"pk": 85, "model": "childcount.ccreport", "fields": {"modified_on": "2010-02-22 13:48:57", "created_on": "2010-02-22 13:48:57", "modified_by": null, "created_by": 9}}, {"pk": 87, "model": "childcount.ccreport", "fields": {"modified_on": "2010-02-22 13:48:57", "created_on": "2010-02-22 13:48:57", "modified_by": null, "created_by": 9}}, {"pk": 89, "model": "childcount.ccreport", "fields": {"modified_on": "2010-02-22 13:48:58", "created_on": "2010-02-22 13:48:58", "modified_by": null, "created_by": 9}}, {"pk": 91, "model": "childcount.ccreport", "fields": {"modified_on": "2010-02-22 13:48:58", "created_on": "2010-02-22 13:48:58", "modified_by": null, "created_by": 9}}, {"pk": 93, "model": "childcount.ccreport", "fields": {"modified_on": "2010-02-22 13:48:58", "created_on": "2010-02-22 13:48:58", "modified_by": null, "created_by": 9}}, {"pk": 95, "model": "childcount.ccreport", "fields": {"modified_on": "2010-02-22 13:48:58", "created_on": "2010-02-22 13:48:58", "modified_by": null, "created_by": 9}}, {"pk": 97, "model": "childcount.ccreport", "fields": {"modified_on": "2010-02-22 13:48:58", "created_on": "2010-02-22 13:48:58", "modified_by": null, "created_by": 9}}, {"pk": 99, "model": "childcount.ccreport", "fields": {"modified_on": "2010-02-22 13:48:58", "created_on": "2010-02-22 13:48:58", "modified_by": null, "created_by": 9}}, {"pk": 101, "model": "childcount.ccreport", "fields": {"modified_on": "2010-02-22 13:48:58", "created_on": "2010-02-22 13:48:58", "modified_by": null, "created_by": 9}}, {"pk": 103, "model": "childcount.ccreport", "fields": {"modified_on": "2010-02-22 13:48:58", "created_on": "2010-02-22 13:48:58", "modified_by": null, "created_by": 9}}, {"pk": 105, "model": "childcount.ccreport", "fields": {"modified_on": "2010-02-22 13:48:58", "created_on": "2010-02-22 13:48:58", "modified_by": null, "created_by": 9}}, {"pk": 107, "model": "childcount.ccreport", "fields": {"modified_on": "2010-02-22 13:48:58", "created_on": "2010-02-22 13:48:58", "modified_by": null, "created_by": 9}}, {"pk": 109, "model": "childcount.ccreport", "fields": {"modified_on": "2010-02-22 13:48:58", "created_on": "2010-02-22 13:48:58", "modified_by": null, "created_by": 9}}, {"pk": 111, "model": "childcount.ccreport", "fields": {"modified_on": "2010-02-22 13:48:59", "created_on": "2010-02-22 13:48:59", "modified_by": null, "created_by": 9}}, {"pk": 113, "model": "childcount.ccreport", "fields": {"modified_on": "2010-02-22 13:48:59", "created_on": "2010-02-22 13:48:59", "modified_by": null, "created_by": 9}}, {"pk": 115, "model": "childcount.ccreport", "fields": {"modified_on": "2010-02-22 13:48:59", "created_on": "2010-02-22 13:48:59", "modified_by": null, "created_by": 9}}, {"pk": 117, "model": "childcount.ccreport", "fields": {"modified_on": "2010-02-22 13:48:59", "created_on": "2010-02-22 13:48:59", "modified_by": null, "created_by": 9}}, {"pk": 119, "model": "childcount.ccreport", "fields": {"modified_on": "2010-02-22 13:48:59", "created_on": "2010-02-22 13:48:59", "modified_by": null, "created_by": 9}}, {"pk": 121, "model": "childcount.ccreport", "fields": {"modified_on": "2010-02-22 13:48:59", "created_on": "2010-02-22 13:48:59", "modified_by": null, "created_by": 9}}, {"pk": 123, "model": "childcount.ccreport", "fields": {"modified_on": "2010-02-22 13:48:59", "created_on": "2010-02-22 13:48:59", "modified_by": null, "created_by": 9}}, {"pk": 125, "model": "childcount.ccreport", "fields": {"modified_on": "2010-02-22 13:48:59", "created_on": "2010-02-22 13:48:59", "modified_by": null, "created_by": 9}}, {"pk": 127, "model": "childcount.ccreport", "fields": {"modified_on": "2010-02-22 13:48:59", "created_on": "2010-02-22 13:48:59", "modified_by": null, "created_by": 9}}, {"pk": 129, "model": "childcount.ccreport", "fields": {"modified_on": "2010-02-22 13:48:59", "created_on": "2010-02-22 13:48:59", "modified_by": null, "created_by": 9}}, {"pk": 131, "model": "childcount.ccreport", "fields": {"modified_on": "2010-02-22 13:48:59", "created_on": "2010-02-22 13:48:59", "modified_by": null, "created_by": 9}}, {"pk": 133, "model": "childcount.ccreport", "fields": {"modified_on": "2010-02-22 13:48:59", "created_on": "2010-02-22 13:48:59", "modified_by": null, "created_by": 9}}, {"pk": 135, "model": "childcount.ccreport", "fields": {"modified_on": "2010-02-22 13:49:00", "created_on": "2010-02-22 13:49:00", "modified_by": null, "created_by": 9}}, {"pk": 137, "model": "childcount.ccreport", "fields": {"modified_on": "2010-02-22 13:49:00", "created_on": "2010-02-22 13:49:00", "modified_by": null, "created_by": 7}}, {"pk": 139, "model": "childcount.ccreport", "fields": {"modified_on": "2010-02-22 13:49:00", "created_on": "2010-02-22 13:49:00", "modified_by": null, "created_by": 7}}, {"pk": 141, "model": "childcount.ccreport", "fields": {"modified_on": "2010-02-22 13:49:00", "created_on": "2010-02-22 13:49:00", "modified_by": null, "created_by": 7}}, {"pk": 143, "model": "childcount.ccreport", "fields": {"modified_on": "2010-02-22 13:49:00", "created_on": "2010-02-22 13:49:00", "modified_by": null, "created_by": 7}}, {"pk": 145, "model": "childcount.ccreport", "fields": {"modified_on": "2010-02-22 13:49:00", "created_on": "2010-02-22 13:49:00", "modified_by": null, "created_by": 7}}, {"pk": 147, "model": "childcount.ccreport", "fields": {"modified_on": "2010-02-22 13:49:00", "created_on": "2010-02-22 13:49:00", "modified_by": null, "created_by": 7}}, {"pk": 149, "model": "childcount.ccreport", "fields": {"modified_on": "2010-02-22 13:49:00", "created_on": "2010-02-22 13:49:00", "modified_by": null, "created_by": 7}}, {"pk": 151, "model": "childcount.ccreport", "fields": {"modified_on": "2010-02-22 13:49:00", "created_on": "2010-02-22 13:49:00", "modified_by": null, "created_by": 7}}, {"pk": 153, "model": "childcount.ccreport", "fields": {"modified_on": "2010-02-22 13:49:00", "created_on": "2010-02-22 13:49:00", "modified_by": null, "created_by": 7}}, {"pk": 155, "model": "childcount.ccreport", "fields": {"modified_on": "2010-02-22 13:49:01", "created_on": "2010-02-22 13:49:01", "modified_by": null, "created_by": 7}}, {"pk": 157, "model": "childcount.ccreport", "fields": {"modified_on": "2010-02-22 13:49:01", "created_on": "2010-02-22 13:49:01", "modified_by": null, "created_by": 7}}, {"pk": 159, "model": "childcount.ccreport", "fields": {"modified_on": "2010-02-22 13:49:01", "created_on": "2010-02-22 13:49:01", "modified_by": null, "created_by": 7}}, {"pk": 161, "model": "childcount.ccreport", "fields": {"modified_on": "2010-02-22 13:49:01", "created_on": "2010-02-22 13:49:01", "modified_by": null, "created_by": 7}}, {"pk": 163, "model": "childcount.ccreport", "fields": {"modified_on": "2010-02-22 13:49:01", "created_on": "2010-02-22 13:49:01", "modified_by": null, "created_by": 7}}, {"pk": 165, "model": "childcount.ccreport", "fields": {"modified_on": "2010-02-22 13:49:01", "created_on": "2010-02-22 13:49:01", "modified_by": null, "created_by": 7}}, {"pk": 167, "model": "childcount.ccreport", "fields": {"modified_on": "2010-02-22 13:49:02", "created_on": "2010-02-22 13:49:02", "modified_by": null, "created_by": 7}}, {"pk": 169, "model": "childcount.ccreport", "fields": {"modified_on": "2010-02-22 13:49:02", "created_on": "2010-02-22 13:49:02", "modified_by": null, "created_by": 7}}, {"pk": 171, "model": "childcount.ccreport", "fields": {"modified_on": "2010-02-22 13:49:02", "created_on": "2010-02-22 13:49:02", "modified_by": null, "created_by": 7}}, {"pk": 173, "model": "childcount.ccreport", "fields": {"modified_on": "2010-02-22 13:49:02", "created_on": "2010-02-22 13:49:02", "modified_by": null, "created_by": 7}}, {"pk": 175, "model": "childcount.ccreport", "fields": {"modified_on": "2010-02-22 13:49:02", "created_on": "2010-02-22 13:49:02", "modified_by": null, "created_by": 7}}, {"pk": 177, "model": "childcount.ccreport", "fields": {"modified_on": "2010-02-22 13:49:02", "created_on": "2010-02-22 13:49:02", "modified_by": null, "created_by": 7}}, {"pk": 179, "model": "childcount.ccreport", "fields": {"modified_on": "2010-02-22 13:49:02", "created_on": "2010-02-22 13:49:02", "modified_by": null, "created_by": 7}}, {"pk": 181, "model": "childcount.ccreport", "fields": {"modified_on": "2010-02-22 13:49:02", "created_on": "2010-02-22 13:49:02", "modified_by": null, "created_by": 7}}, {"pk": 183, "model": "childcount.ccreport", "fields": {"modified_on": "2010-02-22 13:49:02", "created_on": "2010-02-22 13:49:02", "modified_by": null, "created_by": 7}}, {"pk": 185, "model": "childcount.ccreport", "fields": {"modified_on": "2010-02-22 13:49:02", "created_on": "2010-02-22 13:49:02", "modified_by": null, "created_by": 7}}, {"pk": 187, "model": "childcount.ccreport", "fields": {"modified_on": "2010-02-22 13:49:02", "created_on": "2010-02-22 13:49:02", "modified_by": null, "created_by": 7}}, {"pk": 1, "model": "childcount.patientreport", "fields": {"patient": 337}}, {"pk": 3, "model": "childcount.patientreport", "fields": {"patient": 303}}, {"pk": 5, "model": "childcount.patientreport", "fields": {"patient": 223}}, {"pk": 7, "model": "childcount.patientreport", "fields": {"patient": 213}}, {"pk": 9, "model": "childcount.patientreport", "fields": {"patient": 237}}, {"pk": 11, "model": "childcount.patientreport", "fields": {"patient": 287}}, {"pk": 13, "model": "childcount.patientreport", "fields": {"patient": 357}}, {"pk": 15, "model": "childcount.patientreport", "fields": {"patient": 347}}, {"pk": 17, "model": "childcount.patientreport", "fields": {"patient": 297}}, {"pk": 19, "model": "childcount.patientreport", "fields": {"patient": 241}}, {"pk": 21, "model": "childcount.patientreport", "fields": {"patient": 233}}, {"pk": 23, "model": "childcount.patientreport", "fields": {"patient": 235}}, {"pk": 25, "model": "childcount.patientreport", "fields": {"patient": 261}}, {"pk": 27, "model": "childcount.patientreport", "fields": {"patient": 221}}, {"pk": 29, "model": "childcount.patientreport", "fields": {"patient": 211}}, {"pk": 31, "model": "childcount.patientreport", "fields": {"patient": 275}}, {"pk": 33, "model": "childcount.patientreport", "fields": {"patient": 271}}, {"pk": 35, "model": "childcount.patientreport", "fields": {"patient": 227}}, {"pk": 37, "model": "childcount.patientreport", "fields": {"patient": 333}}, {"pk": 39, "model": "childcount.patientreport", "fields": {"patient": 265}}, {"pk": 41, "model": "childcount.patientreport", "fields": {"patient": 231}}, {"pk": 43, "model": "childcount.patientreport", "fields": {"patient": 283}}, {"pk": 45, "model": "childcount.patientreport", "fields": {"patient": 331}}, {"pk": 47, "model": "childcount.patientreport", "fields": {"patient": 309}}, {"pk": 49, "model": "childcount.patientreport", "fields": {"patient": 249}}, {"pk": 51, "model": "childcount.patientreport", "fields": {"patient": 355}}, {"pk": 53, "model": "childcount.patientreport", "fields": {"patient": 315}}, {"pk": 55, "model": "childcount.patientreport", "fields": {"patient": 243}}, {"pk": 57, "model": "childcount.patientreport", "fields": {"patient": 321}}, {"pk": 59, "model": "childcount.patientreport", "fields": {"patient": 267}}, {"pk": 61, "model": "childcount.patientreport", "fields": {"patient": 349}}, {"pk": 63, "model": "childcount.patientreport", "fields": {"patient": 257}}, {"pk": 65, "model": "childcount.patientreport", "fields": {"patient": 219}}, {"pk": 67, "model": "childcount.patientreport", "fields": {"patient": 313}}, {"pk": 69, "model": "childcount.patientreport", "fields": {"patient": 345}}, {"pk": 71, "model": "childcount.patientreport", "fields": {"patient": 299}}, {"pk": 73, "model": "childcount.patientreport", "fields": {"patient": 239}}, {"pk": 75, "model": "childcount.patientreport", "fields": {"patient": 279}}, {"pk": 77, "model": "childcount.patientreport", "fields": {"patient": 301}}, {"pk": 79, "model": "childcount.patientreport", "fields": {"patient": 259}}, {"pk": 81, "model": "childcount.patientreport", "fields": {"patient": 289}}, {"pk": 83, "model": "childcount.patientreport", "fields": {"patient": 341}}, {"pk": 85, "model": "childcount.patientreport", "fields": {"patient": 247}}, {"pk": 87, "model": "childcount.patientreport", "fields": {"patient": 291}}, {"pk": 89, "model": "childcount.patientreport", "fields": {"patient": 225}}, {"pk": 91, "model": "childcount.patientreport", "fields": {"patient": 255}}, {"pk": 93, "model": "childcount.patientreport", "fields": {"patient": 253}}, {"pk": 95, "model": "childcount.patientreport", "fields": {"patient": 305}}, {"pk": 97, "model": "childcount.patientreport", "fields": {"patient": 245}}, {"pk": 99, "model": "childcount.patientreport", "fields": {"patient": 361}}, {"pk": 101, "model": "childcount.patientreport", "fields": {"patient": 285}}, {"pk": 103, "model": "childcount.patientreport", "fields": {"patient": 295}}, {"pk": 105, "model": "childcount.patientreport", "fields": {"patient": 327}}, {"pk": 107, "model": "childcount.patientreport", "fields": {"patient": 329}}, {"pk": 109, "model": "childcount.patientreport", "fields": {"patient": 281}}, {"pk": 111, "model": "childcount.patientreport", "fields": {"patient": 339}}, {"pk": 113, "model": "childcount.patientreport", "fields": {"patient": 325}}, {"pk": 115, "model": "childcount.patientreport", "fields": {"patient": 323}}, {"pk": 117, "model": "childcount.patientreport", "fields": {"patient": 359}}, {"pk": 119, "model": "childcount.patientreport", "fields": {"patient": 353}}, {"pk": 121, "model": "childcount.patientreport", "fields": {"patient": 209}}, {"pk": 123, "model": "childcount.patientreport", "fields": {"patient": 311}}, {"pk": 125, "model": "childcount.patientreport", "fields": {"patient": 319}}, {"pk": 127, "model": "childcount.patientreport", "fields": {"patient": 263}}, {"pk": 129, "model": "childcount.patientreport", "fields": {"patient": 273}}, {"pk": 131, "model": "childcount.patientreport", "fields": {"patient": 335}}, {"pk": 133, "model": "childcount.patientreport", "fields": {"patient": 343}}, {"pk": 135, "model": "childcount.patientreport", "fields": {"patient": 317}}, {"pk": 137, "model": "childcount.patientreport", "fields": {"patient": 215}}, {"pk": 139, "model": "childcount.patientreport", "fields": {"patient": 269}}, {"pk": 141, "model": "childcount.patientreport", "fields": {"patient": 217}}, {"pk": 143, "model": "childcount.patientreport", "fields": {"patient": 277}}, {"pk": 145, "model": "childcount.patientreport", "fields": {"patient": 351}}, {"pk": 147, "model": "childcount.patientreport", "fields": {"patient": 293}}, {"pk": 149, "model": "childcount.patientreport", "fields": {"patient": 229}}, {"pk": 151, "model": "childcount.patientreport", "fields": {"patient": 251}}, {"pk": 153, "model": "childcount.patientreport", "fields": {"patient": 307}}, {"pk": 155, "model": "childcount.patientreport", "fields": {"patient": 337}}, {"pk": 157, "model": "childcount.patientreport", "fields": {"patient": 303}}, {"pk": 159, "model": "childcount.patientreport", "fields": {"patient": 223}}, {"pk": 161, "model": "childcount.patientreport", "fields": {"patient": 213}}, {"pk": 163, "model": "childcount.patientreport", "fields": {"patient": 237}}, {"pk": 165, "model": "childcount.patientreport", "fields": {"patient": 287}}, {"pk": 167, "model": "childcount.patientreport", "fields": {"patient": 357}}, {"pk": 169, "model": "childcount.patientreport", "fields": {"patient": 347}}, {"pk": 171, "model": "childcount.patientreport", "fields": {"patient": 297}}, {"pk": 173, "model": "childcount.patientreport", "fields": {"patient": 241}}, {"pk": 175, "model": "childcount.patientreport", "fields": {"patient": 233}}, {"pk": 177, "model": "childcount.patientreport", "fields": {"patient": 235}}, {"pk": 179, "model": "childcount.patientreport", "fields": {"patient": 261}}, {"pk": 181, "model": "childcount.patientreport", "fields": {"patient": 221}}, {"pk": 183, "model": "childcount.patientreport", "fields": {"patient": 211}}, {"pk": 185, "model": "childcount.patientreport", "fields": {"patient": 275}}, {"pk": 187, "model": "childcount.patientreport", "fields": {"patient": 271}}, {"pk": 1, "model": "childcount.nutritionreport", "fields": {"status": 4, "muac": 142, "oedema": "N", "weight": null}}, {"pk": 3, "model": "childcount.nutritionreport", "fields": {"status": 4, "muac": 133, "oedema": "N", "weight": null}}, {"pk": 5, "model": "childcount.nutritionreport", "fields": {"status": 4, "muac": 150, "oedema": "N", "weight": null}}, {"pk": 7, "model": "childcount.nutritionreport", "fields": {"status": 1, "muac": 120, "oedema": "N", "weight": null}}, {"pk": 9, "model": "childcount.nutritionreport", "fields": {"status": 4, "muac": 130, "oedema": "N", "weight": null}}, {"pk": 11, "model": "childcount.nutritionreport", "fields": {"status": 1, "muac": 120, "oedema": "N", "weight": null}}, {"pk": 13, "model": "childcount.nutritionreport", "fields": {"status": 4, "muac": 140, "oedema": "N", "weight": null}}, {"pk": 15, "model": "childcount.nutritionreport", "fields": {"status": 4, "muac": 130, "oedema": "N", "weight": null}}, {"pk": 17, "model": "childcount.nutritionreport", "fields": {"status": 4, "muac": 140, "oedema": "N", "weight": null}}, {"pk": 19, "model": "childcount.nutritionreport", "fields": {"status": 4, "muac": 140, "oedema": "N", "weight": null}}, {"pk": 21, "model": "childcount.nutritionreport", "fields": {"status": 4, "muac": 140, "oedema": "N", "weight": null}}, {"pk": 23, "model": "childcount.nutritionreport", "fields": {"status": 4, "muac": 147, "oedema": "N", "weight": null}}, {"pk": 25, "model": "childcount.nutritionreport", "fields": {"status": 4, "muac": 140, "oedema": "N", "weight": null}}, {"pk": 27, "model": "childcount.nutritionreport", "fields": {"status": 1, "muac": 120, "oedema": "N", "weight": null}}, {"pk": 29, "model": "childcount.nutritionreport", "fields": {"status": 1, "muac": 120, "oedema": "N", "weight": null}}, {"pk": 31, "model": "childcount.nutritionreport", "fields": {"status": 1, "muac": 120, "oedema": "N", "weight": null}}, {"pk": 33, "model": "childcount.nutritionreport", "fields": {"status": 1, "muac": 110, "oedema": "N", "weight": null}}, {"pk": 35, "model": "childcount.nutritionreport", "fields": {"status": 4, "muac": 125, "oedema": "N", "weight": null}}, {"pk": 37, "model": "childcount.nutritionreport", "fields": {"status": 4, "muac": 140, "oedema": "N", "weight": null}}, {"pk": 39, "model": "childcount.nutritionreport", "fields": {"status": 4, "muac": 126, "oedema": "N", "weight": null}}, {"pk": 41, "model": "childcount.nutritionreport", "fields": {"status": 4, "muac": 132, "oedema": "N", "weight": null}}, {"pk": 43, "model": "childcount.nutritionreport", "fields": {"status": 1, "muac": 120, "oedema": "N", "weight": null}}, {"pk": 45, "model": "childcount.nutritionreport", "fields": {"status": 2, "muac": 105, "oedema": "N", "weight": null}}, {"pk": 47, "model": "childcount.nutritionreport", "fields": {"status": 4, "muac": 140, "oedema": "N", "weight": null}}, {"pk": 49, "model": "childcount.nutritionreport", "fields": {"status": 1, "muac": 110, "oedema": "N", "weight": null}}, {"pk": 51, "model": "childcount.nutritionreport", "fields": {"status": 4, "muac": 140, "oedema": "N", "weight": null}}, {"pk": 53, "model": "childcount.nutritionreport", "fields": {"status": 4, "muac": 128, "oedema": "N", "weight": null}}, {"pk": 55, "model": "childcount.nutritionreport", "fields": {"status": 1, "muac": 120, "oedema": "N", "weight": null}}, {"pk": 57, "model": "childcount.nutritionreport", "fields": {"status": 4, "muac": 130, "oedema": "N", "weight": null}}, {"pk": 59, "model": "childcount.nutritionreport", "fields": {"status": 1, "muac": 114, "oedema": "N", "weight": null}}, {"pk": 61, "model": "childcount.nutritionreport", "fields": {"status": 1, "muac": 110, "oedema": "N", "weight": null}}, {"pk": 63, "model": "childcount.nutritionreport", "fields": {"status": 1, "muac": 120, "oedema": "N", "weight": null}}, {"pk": 65, "model": "childcount.nutritionreport", "fields": {"status": 1, "muac": 115, "oedema": "N", "weight": null}}, {"pk": 67, "model": "childcount.nutritionreport", "fields": {"status": 1, "muac": 111, "oedema": "N", "weight": null}}, {"pk": 69, "model": "childcount.nutritionreport", "fields": {"status": 1, "muac": 120, "oedema": "N", "weight": null}}, {"pk": 71, "model": "childcount.nutritionreport", "fields": {"status": 1, "muac": 120, "oedema": "N", "weight": null}}, {"pk": 73, "model": "childcount.nutritionreport", "fields": {"status": 1, "muac": 122, "oedema": "N", "weight": null}}, {"pk": 75, "model": "childcount.nutritionreport", "fields": {"status": 1, "muac": 114, "oedema": "N", "weight": null}}, {"pk": 77, "model": "childcount.nutritionreport", "fields": {"status": 1, "muac": 122, "oedema": "N", "weight": null}}, {"pk": 79, "model": "childcount.nutritionreport", "fields": {"status": 1, "muac": 120, "oedema": "N", "weight": null}}, {"pk": 81, "model": "childcount.nutritionreport", "fields": {"status": 4, "muac": 155, "oedema": "N", "weight": null}}, {"pk": 83, "model": "childcount.nutritionreport", "fields": {"status": 2, "muac": 100, "oedema": "N", "weight": null}}, {"pk": 85, "model": "childcount.nutritionreport", "fields": {"status": 2, "muac": 105, "oedema": "N", "weight": null}}, {"pk": 87, "model": "childcount.nutritionreport", "fields": {"status": 4, "muac": 140, "oedema": "N", "weight": null}}, {"pk": 89, "model": "childcount.nutritionreport", "fields": {"status": 4, "muac": 143, "oedema": "N", "weight": null}}, {"pk": 91, "model": "childcount.nutritionreport", "fields": {"status": 4, "muac": 136, "oedema": "N", "weight": null}}, {"pk": 93, "model": "childcount.nutritionreport", "fields": {"status": 4, "muac": 160, "oedema": "N", "weight": null}}, {"pk": 95, "model": "childcount.nutritionreport", "fields": {"status": 4, "muac": 160, "oedema": "N", "weight": null}}, {"pk": 97, "model": "childcount.nutritionreport", "fields": {"status": 1, "muac": 110, "oedema": "N", "weight": null}}, {"pk": 99, "model": "childcount.nutritionreport", "fields": {"status": 1, "muac": 111, "oedema": "N", "weight": null}}, {"pk": 101, "model": "childcount.nutritionreport", "fields": {"status": 1, "muac": 118, "oedema": "N", "weight": null}}, {"pk": 103, "model": "childcount.nutritionreport", "fields": {"status": 4, "muac": 125, "oedema": "N", "weight": null}}, {"pk": 105, "model": "childcount.nutritionreport", "fields": {"status": 4, "muac": 134, "oedema": "N", "weight": null}}, {"pk": 107, "model": "childcount.nutritionreport", "fields": {"status": 4, "muac": 130, "oedema": "N", "weight": null}}, {"pk": 109, "model": "childcount.nutritionreport", "fields": {"status": 4, "muac": 160, "oedema": "N", "weight": null}}, {"pk": 111, "model": "childcount.nutritionreport", "fields": {"status": 4, "muac": 153, "oedema": "N", "weight": null}}, {"pk": 113, "model": "childcount.nutritionreport", "fields": {"status": 4, "muac": 165, "oedema": "N", "weight": null}}, {"pk": 115, "model": "childcount.nutritionreport", "fields": {"status": 4, "muac": 125, "oedema": "N", "weight": null}}, {"pk": 117, "model": "childcount.nutritionreport", "fields": {"status": 4, "muac": 160, "oedema": "N", "weight": null}}, {"pk": 119, "model": "childcount.nutritionreport", "fields": {"status": 4, "muac": 165, "oedema": "N", "weight": null}}, {"pk": 121, "model": "childcount.nutritionreport", "fields": {"status": 1, "muac": 120, "oedema": "N", "weight": null}}, {"pk": 123, "model": "childcount.nutritionreport", "fields": {"status": 4, "muac": 150, "oedema": "N", "weight": null}}, {"pk": 125, "model": "childcount.nutritionreport", "fields": {"status": 4, "muac": 145, "oedema": "N", "weight": null}}, {"pk": 127, "model": "childcount.nutritionreport", "fields": {"status": 4, "muac": 160, "oedema": "N", "weight": null}}, {"pk": 129, "model": "childcount.nutritionreport", "fields": {"status": 4, "muac": 145, "oedema": "N", "weight": null}}, {"pk": 131, "model": "childcount.nutritionreport", "fields": {"status": 4, "muac": 125, "oedema": "N", "weight": null}}, {"pk": 133, "model": "childcount.nutritionreport", "fields": {"status": 4, "muac": 165, "oedema": "N", "weight": null}}, {"pk": 135, "model": "childcount.nutritionreport", "fields": {"status": 4, "muac": 166, "oedema": "N", "weight": null}}, {"pk": 137, "model": "childcount.nutritionreport", "fields": {"status": 2, "muac": 113, "oedema": "Y", "weight": null}}, {"pk": 139, "model": "childcount.nutritionreport", "fields": {"status": 4, "muac": 160, "oedema": "N", "weight": null}}, {"pk": 141, "model": "childcount.nutritionreport", "fields": {"status": 4, "muac": 180, "oedema": "N", "weight": null}}, {"pk": 143, "model": "childcount.nutritionreport", "fields": {"status": 4, "muac": 157, "oedema": "N", "weight": null}}, {"pk": 145, "model": "childcount.nutritionreport", "fields": {"status": 4, "muac": 172, "oedema": "N", "weight": null}}, {"pk": 147, "model": "childcount.nutritionreport", "fields": {"status": 4, "muac": 176, "oedema": "N", "weight": null}}, {"pk": 149, "model": "childcount.nutritionreport", "fields": {"status": 4, "muac": 150, "oedema": "N", "weight": null}}, {"pk": 151, "model": "childcount.nutritionreport", "fields": {"status": 4, "muac": 151, "oedema": "N", "weight": null}}, {"pk": 153, "model": "childcount.nutritionreport", "fields": {"status": 4, "muac": 163, "oedema": "N", "weight": null}}, {"pk": 155, "model": "childcount.nutritionreport", "fields": {"status": 4, "muac": 181, "oedema": "N", "weight": null}}, {"pk": 157, "model": "childcount.nutritionreport", "fields": {"status": 2, "muac": 142, "oedema": "Y", "weight": null}}, {"pk": 159, "model": "childcount.nutritionreport", "fields": {"status": 4, "muac": 132, "oedema": "N", "weight": null}}, {"pk": 161, "model": "childcount.nutritionreport", "fields": {"status": 4, "muac": 140, "oedema": "N", "weight": null}}, {"pk": 163, "model": "childcount.nutritionreport", "fields": {"status": 4, "muac": 148, "oedema": "N", "weight": null}}, {"pk": 165, "model": "childcount.nutritionreport", "fields": {"status": 4, "muac": 125, "oedema": "N", "weight": null}}, {"pk": 167, "model": "childcount.nutritionreport", "fields": {"status": 1, "muac": 120, "oedema": "N", "weight": null}}, {"pk": 169, "model": "childcount.nutritionreport", "fields": {"status": 2, "muac": 115, "oedema": "Y", "weight": null}}, {"pk": 171, "model": "childcount.nutritionreport", "fields": {"status": 4, "muac": 150, "oedema": "N", "weight": null}}, {"pk": 173, "model": "childcount.nutritionreport", "fields": {"status": 4, "muac": 161, "oedema": "N", "weight": null}}, {"pk": 175, "model": "childcount.nutritionreport", "fields": {"status": 1, "muac": 110, "oedema": "N", "weight": null}}, {"pk": 177, "model": "childcount.nutritionreport", "fields": {"status": 2, "muac": 150, "oedema": "Y", "weight": null}}, {"pk": 179, "model": "childcount.nutritionreport", "fields": {"status": 1, "muac": 113, "oedema": "N", "weight": null}}, {"pk": 181, "model": "childcount.nutritionreport", "fields": {"status": 1, "muac": 115, "oedema": "N", "weight": null}}, {"pk": 183, "model": "childcount.nutritionreport", "fields": {"status": 4, "muac": 145, "oedema": "N", "weight": null}}, {"pk": 185, "model": "childcount.nutritionreport", "fields": {"status": 1, "muac": 115, "oedema": "N", "weight": null}}, {"pk": 187, "model": "childcount.nutritionreport", "fields": {"status": 4, "muac": 150, "oedema": "N", "weight": null}}, {"pk": 1, "model": "reporters.role", "fields": {"patterns": [], "code": "chw", "name": "Community Health Worker"}}, {"pk": 7, "model": "reporters.reporter", "fields": {"first_name": "Dickson", "last_name": "Ukanga", "language": "en", "registered_self": 1, "alias": "dukanga1", "role": 1, "location": 69, "groups": []}}, {"pk": 9, "model": "reporters.reporter", "fields": {"first_name": "Mintra", "last_name": "Yasmin", "language": "en", "registered_self": 1, "alias": "myasmin", "role": 1, "location": 48, "groups": []}}, {"pk": 1, "model": "reporters.persistantbackend", "fields": {"slug": "http_HttpHandler", "title": "http"}}, {"pk": 1, "model": "reporters.persistantconnection", "fields": {"last_seen": "2010-02-22 13:49:00", "reporter": 9, "identity": "123", "backend": 1}}, {"pk": 3, "model": "reporters.persistantconnection", "fields": {"last_seen": "2010-02-22 13:49:02", "reporter": 7, "identity": "234", "backend": 1}}, {"pk": 1, "model": "locations.locationtype", "fields": {"name": "Village"}}, {"pk": 2, "model": "locations.locationtype", "fields": {"name": "Millenium Village"}}, {"pk": 1, "model": "locations.location", "fields": {"code": "bug_mv", "name": "Bugongi MV", "parent": null, "longitude": null, "latitude": null, "type": 2}}, {"pk": 2, "model": "locations.location", "fields": {"code": "bugo1", "name": "Bugongi I", "parent": 1, "longitude": null, "latitude": null, "type": 1}}, {"pk": 3, "model": "locations.location", "fields": {"code": "bugo2", "name": "Bugongi II", "parent": 1, "longitude": null, "latitude": null, "type": 1}}, {"pk": 4, "model": "locations.location", "fields": {"code": "kam1", "name": "Kamirajogyera I", "parent": 1, "longitude": null, "latitude": null, "type": 1}}, {"pk": 5, "model": "locations.location", "fields": {"code": "kam2", "name": "Kamirajogyera II", "parent": 1, "longitude": null, "latitude": null, "type": 1}}, {"pk": 6, "model": "locations.location", "fields": {"code": "nyaruh", "name": "Nyaruhanga", "parent": 1, "longitude": null, "latitude": null, "type": 1}}, {"pk": 7, "model": "locations.location", "fields": {"code": "nyarush", "name": "Nyarushangye", "parent": 1, "longitude": null, "latitude": null, "type": 1}}, {"pk": 8, "model": "locations.location", "fields": {"code": "omukab", "name": "Omukabare", "parent": 1, "longitude": null, "latitude": null, "type": 1}}, {"pk": 9, "model": "locations.location", "fields": {"code": "omukan", "name": "Omukanara", "parent": 1, "longitude": null, "latitude": null, "type": 1}}, {"pk": 10, "model": "locations.location", "fields": {"code": "omukih", "name": "Omukihimba", "parent": 1, "longitude": null, "latitude": null, "type": 1}}, {"pk": 11, "model": "locations.location", "fields": {"code": "omuky", "name": "Omukyinazi", "parent": 1, "longitude": null, "latitude": null, "type": 1}}, {"pk": 12, "model": "locations.location", "fields": {"code": "rwan", "name": "Rwanyinamugagure", "parent": 1, "longitude": null, "latitude": null, "type": 1}}, {"pk": 13, "model": "locations.location", "fields": {"code": "townbug", "name": "Town Cell", "parent": 1, "longitude": null, "latitude": null, "type": 1}}, {"pk": 14, "model": "locations.location", "fields": {"code": "kabugu_mv", "name": "Kabugu MV", "parent": null, "longitude": null, "latitude": null, "type": 2}}, {"pk": 15, "model": "locations.location", "fields": {"code": "ekis", "name": "Ekisinga", "parent": 14, "longitude": null, "latitude": null, "type": 1}}, {"pk": 16, "model": "locations.location", "fields": {"code": "kabe", "name": "Kabeshekyere", "parent": 14, "longitude": null, "latitude": null, "type": 1}}, {"pk": 17, "model": "locations.location", "fields": {"code": "kabug", "name": "Kabugu I", "parent": 14, "longitude": null, "latitude": null, "type": 1}}, {"pk": 18, "model": "locations.location", "fields": {"code": "kaga2", "name": "Kagabugu II", "parent": 14, "longitude": null, "latitude": null, "type": 1}}, {"pk": 19, "model": "locations.location", "fields": {"code": "kates", "name": "Katesani", "parent": 14, "longitude": null, "latitude": null, "type": 1}}, {"pk": 20, "model": "locations.location", "fields": {"code": "kigab2", "name": "Kigabagaba II", "parent": 14, "longitude": null, "latitude": null, "type": 1}}, {"pk": 21, "model": "locations.location", "fields": {"code": "mish", "name": "Mishoroshozi", "parent": 14, "longitude": null, "latitude": null, "type": 1}}, {"pk": 22, "model": "locations.location", "fields": {"code": "par", "name": "Paragoni", "parent": 14, "longitude": null, "latitude": null, "type": 1}}, {"pk": 23, "model": "locations.location", "fields": {"code": "rwen", "name": "Rwendego", "parent": 14, "longitude": null, "latitude": null, "type": 1}}, {"pk": 24, "model": "locations.location", "fields": {"code": "kabunya_mv", "name": "Kabunyanda MV", "parent": null, "longitude": null, "latitude": null, "type": 2}}, {"pk": 25, "model": "locations.location", "fields": {"code": "kabuy", "name": "Kabuyanda", "parent": 24, "longitude": null, "latitude": null, "type": 1}}, {"pk": 26, "model": "locations.location", "fields": {"code": "kabuytc", "name": "Kabuyanda TC", "parent": 24, "longitude": null, "latitude": null, "type": 1}}, {"pk": 27, "model": "locations.location", "fields": {"code": "kabuyt", "name": "Kabuyanda Town", "parent": 24, "longitude": null, "latitude": null, "type": 1}}, {"pk": 28, "model": "locations.location", "fields": {"code": "katem", "name": "Katembo", "parent": 24, "longitude": null, "latitude": null, "type": 1}}, {"pk": 29, "model": "locations.location", "fields": {"code": "kig", "name": "Kigarama", "parent": 24, "longitude": null, "latitude": null, "type": 1}}, {"pk": 30, "model": "locations.location", "fields": {"code": "nda", "name": "Ndaami", "parent": 24, "longitude": null, "latitude": null, "type": 1}}, {"pk": 31, "model": "locations.location", "fields": {"code": "nyam", "name": "Nyampikye", "parent": 24, "longitude": null, "latitude": null, "type": 1}}, {"pk": 32, "model": "locations.location", "fields": {"code": "rut", "name": "Rutooma", "parent": 24, "longitude": null, "latitude": null, "type": 1}}, {"pk": 33, "model": "locations.location", "fields": {"code": "rwemb1", "name": "Rwembwera I", "parent": 24, "longitude": null, "latitude": null, "type": 1}}, {"pk": 34, "model": "locations.location", "fields": {"code": "rwemb2", "name": "Rwembwera II", "parent": 24, "longitude": null, "latitude": null, "type": 1}}, {"pk": 35, "model": "locations.location", "fields": {"code": "kan_mv", "name": "Kanywamaizi MV", "parent": null, "longitude": null, "latitude": null, "type": 2}}, {"pk": 36, "model": "locations.location", "fields": {"code": "kagar1", "name": "Kagara I", "parent": 35, "longitude": null, "latitude": null, "type": 1}}, {"pk": 37, "model": "locations.location", "fields": {"code": "kagar2", "name": "Kagara II", "parent": 35, "longitude": null, "latitude": null, "type": 1}}, {"pk": 38, "model": "locations.location", "fields": {"code": "kagot1", "name": "Kagoto I", "parent": 35, "longitude": null, "latitude": null, "type": 1}}, {"pk": 39, "model": "locations.location", "fields": {"code": "kagot2", "name": "Kagoto II", "parent": 35, "longitude": null, "latitude": null, "type": 1}}, {"pk": 40, "model": "locations.location", "fields": {"code": "kagot3", "name": "Kagoto III", "parent": 35, "longitude": null, "latitude": null, "type": 1}}, {"pk": 41, "model": "locations.location", "fields": {"code": "kan1", "name": "Kanywamaizi I", "parent": 35, "longitude": null, "latitude": null, "type": 1}}, {"pk": 42, "model": "locations.location", "fields": {"code": "kan2", "name": "Kanywamaizi II", "parent": 35, "longitude": null, "latitude": null, "type": 1}}, {"pk": 43, "model": "locations.location", "fields": {"code": "kan3", "name": "Kanywamaizi III", "parent": 35, "longitude": null, "latitude": null, "type": 1}}, {"pk": 44, "model": "locations.location", "fields": {"code": "kyam1", "name": "Kyamazinga I", "parent": 35, "longitude": null, "latitude": null, "type": 1}}, {"pk": 45, "model": "locations.location", "fields": {"code": "kyam2", "name": "Kyamazinga II", "parent": 35, "longitude": null, "latitude": null, "type": 1}}, {"pk": 46, "model": "locations.location", "fields": {"code": "muh", "name": "Muhanga ", "parent": 35, "longitude": null, "latitude": null, "type": 1}}, {"pk": 47, "model": "locations.location", "fields": {"code": "kis_mv", "name": "Kisyoro MV", "parent": null, "longitude": null, "latitude": null, "type": 2}}, {"pk": 48, "model": "locations.location", "fields": {"code": "buga1", "name": "Bugarama I", "parent": 47, "longitude": null, "latitude": null, "type": 1}}, {"pk": 49, "model": "locations.location", "fields": {"code": "buga2", "name": "Bugarama II", "parent": 47, "longitude": null, "latitude": null, "type": 1}}, {"pk": 50, "model": "locations.location", "fields": {"code": "kaa1", "name": "Kaaro I", "parent": 47, "longitude": null, "latitude": null, "type": 1}}, {"pk": 51, "model": "locations.location", "fields": {"code": "kaa2", "name": "Kaaro II", "parent": 47, "longitude": null, "latitude": null, "type": 1}}, {"pk": 52, "model": "locations.location", "fields": {"code": "kaa3", "name": "Kaaro III", "parent": 47, "longitude": null, "latitude": null, "type": 1}}, {"pk": 53, "model": "locations.location", "fields": {"code": "kashk", "name": "Kasharira", "parent": 47, "longitude": null, "latitude": null, "type": 1}}, {"pk": 54, "model": "locations.location", "fields": {"code": "kata", "name": "Katama", "parent": 47, "longitude": null, "latitude": null, "type": 1}}, {"pk": 55, "model": "locations.location", "fields": {"code": "kis1", "name": "Kisyoro I", "parent": 47, "longitude": null, "latitude": null, "type": 1}}, {"pk": 56, "model": "locations.location", "fields": {"code": "kis2", "name": "Kisyoro II", "parent": 47, "longitude": null, "latitude": null, "type": 1}}, {"pk": 57, "model": "locations.location", "fields": {"code": "kis3", "name": "Kisyoro III", "parent": 47, "longitude": null, "latitude": null, "type": 1}}, {"pk": 58, "model": "locations.location", "fields": {"code": "mig_mv", "name": "Migyera MV", "parent": null, "longitude": null, "latitude": null, "type": 2}}, {"pk": 59, "model": "locations.location", "fields": {"code": "kigab1", "name": "Kigabagaba I", "parent": 58, "longitude": null, "latitude": null, "type": 1}}, {"pk": 60, "model": "locations.location", "fields": {"code": "rwemang", "name": "Rwemango", "parent": 58, "longitude": null, "latitude": null, "type": 1}}, {"pk": 61, "model": "locations.location", "fields": {"code": "bweg", "name": "Bwegyerere", "parent": 58, "longitude": null, "latitude": null, "type": 1}}, {"pk": 62, "model": "locations.location", "fields": {"code": "kan4", "name": "Kanywamaizi IV", "parent": 58, "longitude": null, "latitude": null, "type": 1}}, {"pk": 63, "model": "locations.location", "fields": {"code": "rub", "name": "Rubogano I", "parent": 58, "longitude": null, "latitude": null, "type": 1}}, {"pk": 64, "model": "locations.location", "fields": {"code": "rwar", "name": "Rwaryemera", "parent": 58, "longitude": null, "latitude": null, "type": 1}}, {"pk": 65, "model": "locations.location", "fields": {"code": "kagon", "name": "Kagongi", "parent": 58, "longitude": null, "latitude": null, "type": 1}}, {"pk": 66, "model": "locations.location", "fields": {"code": "mig1", "name": "Migyera I", "parent": 58, "longitude": null, "latitude": null, "type": 1}}, {"pk": 67, "model": "locations.location", "fields": {"code": "mig2", "name": "Migyera II", "parent": 58, "longitude": null, "latitude": null, "type": 1}}, {"pk": 68, "model": "locations.location", "fields": {"code": "ntugu_mv", "name": "Ntugu MV", "parent": null, "longitude": null, "latitude": null, "type": 2}}, {"pk": 69, "model": "locations.location", "fields": {"code": "bir", "name": "Birare", "parent": 68, "longitude": null, "latitude": null, "type": 1}}, {"pk": 70, "model": "locations.location", "fields": {"code": "ish", "name": "Ishingisha", "parent": 68, "longitude": null, "latitude": null, "type": 1}}, {"pk": 71, "model": "locations.location", "fields": {"code": "kashn", "name": "Kashariira", "parent": 68, "longitude": null, "latitude": null, "type": 1}}, {"pk": 72, "model": "locations.location", "fields": {"code": "kae1", "name": "Keina I", "parent": 68, "longitude": null, "latitude": null, "type": 1}}, {"pk": 73, "model": "locations.location", "fields": {"code": "kae2", "name": "Keina II", "parent": 68, "longitude": null, "latitude": null, "type": 1}}, {"pk": 74, "model": "locations.location", "fields": {"code": "kii", "name": "Kiitojo", "parent": 68, "longitude": null, "latitude": null, "type": 1}}, {"pk": 75, "model": "locations.location", "fields": {"code": "kyand", "name": "Kyandaro", "parent": 68, "longitude": null, "latitude": null, "type": 1}}, {"pk": 76, "model": "locations.location", "fields": {"code": "kyan1", "name": "Kyanyakahimbi I", "parent": 68, "longitude": null, "latitude": null, "type": 1}}, {"pk": 77, "model": "locations.location", "fields": {"code": "kyan2", "name": "Kyanyakahimbi II", "parent": 68, "longitude": null, "latitude": null, "type": 1}}, {"pk": 78, "model": "locations.location", "fields": {"code": "kyan3", "name": "Kyanyakahimbi III", "parent": 68, "longitude": null, "latitude": null, "type": 1}}, {"pk": 79, "model": "locations.location", "fields": {"code": "kyib", "name": "Kyibugu", "parent": 68, "longitude": null, "latitude": null, "type": 1}}, {"pk": 80, "model": "locations.location", "fields": {"code": "mah", "name": "Mahama", "parent": 68, "longitude": null, "latitude": null, "type": 1}}, {"pk": 81, "model": "locations.location", "fields": {"code": "maj", "name": "Maju", "parent": 68, "longitude": null, "latitude": null, "type": 1}}, {"pk": 82, "model": "locations.location", "fields": {"code": "nka", "name": "Nkakahandagazi", "parent": 68, "longitude": null, "latitude": null, "type": 1}}, {"pk": 83, "model": "locations.location", "fields": {"code": "ntuc", "name": "Ntungu Central", "parent": 68, "longitude": null, "latitude": null, "type": 1}}, {"pk": 84, "model": "locations.location", "fields": {"code": "ntut", "name": "Ntungu Town", "parent": 68, "longitude": null, "latitude": null, "type": 1}}, {"pk": 85, "model": "locations.location", "fields": {"code": "ntuw", "name": "Ntungu West", "parent": 68, "longitude": null, "latitude": null, "type": 1}}, {"pk": 86, "model": "locations.location", "fields": {"code": "rugor", "name": "Rugororo", "parent": 68, "longitude": null, "latitude": null, "type": 1}}, {"pk": 87, "model": "locations.location", "fields": {"code": "ruh_mv", "name": "Ruhiira MV", "parent": null, "longitude": null, "latitude": null, "type": 2}}, {"pk": 88, "model": "locations.location", "fields": {"code": "kaba", "name": "Kabale", "parent": 87, "longitude": null, "latitude": null, "type": 1}}, {"pk": 89, "model": "locations.location", "fields": {"code": "kah", "name": "Kahurwa", "parent": 87, "longitude": null, "latitude": null, "type": 1}}, {"pk": 90, "model": "locations.location", "fields": {"code": "kar", "name": "Karundi", "parent": 87, "longitude": null, "latitude": null, "type": 1}}, {"pk": 91, "model": "locations.location", "fields": {"code": "kish", "name": "Kishenyi", "parent": 87, "longitude": null, "latitude": null, "type": 1}}, {"pk": 92, "model": "locations.location", "fields": {"code": "nyak1", "name": "Nyakamuri I", "parent": 87, "longitude": null, "latitude": null, "type": 1}}, {"pk": 93, "model": "locations.location", "fields": {"code": "nyak2", "name": "Nyakamuri II", "parent": 87, "longitude": null, "latitude": null, "type": 1}}, {"pk": 94, "model": "locations.location", "fields": {"code": "omw", "name": "Omwicwamba", "parent": 87, "longitude": null, "latitude": null, "type": 1}}, {"pk": 95, "model": "locations.location", "fields": {"code": "rugong", "name": "Rugongi", "parent": 87, "longitude": null, "latitude": null, "type": 1}}, {"pk": 96, "model": "locations.location", "fields": {"code": "ruh", "name": "Ruhiira", "parent": 87, "longitude": null, "latitude": null, "type": 1}}, {"pk": 97, "model": "locations.location", "fields": {"code": "rwak", "name": "Rwakibeizi", "parent": 87, "longitude": null, "latitude": null, "type": 1}}, {"pk": 98, "model": "locations.location", "fields": {"code": "townruh", "name": "Town Cell", "parent": 87, "longitude": null, "latitude": null, "type": 1}}]
